tile,id,centroid,area_m2,min_veg_distance_m,risk_score,zone_1a_veg_density,zone_1b_veg_density,zone_2_veg_density,overlay_image
tile_000000_000000,0,"(537, 527)",162.2,999.0,1.0,0.0,0.0,0.0,overlay/tile_000000_000000.png
tile_000000_000000,1,"(229, 504)",286.8,999.0,1.0,0.0,0.0,0.0,overlay/tile_000000_000000.png
tile_000000_000576,0,"(490, 535)",185.1,12.64,1.8,0.0,0.0,0.022,overlay/tile_000000_000576.png
tile_000000_000576,1,"(157, 532)",213.4,16.24,1.5,0.0,0.0,0.023,overlay/tile_000000_000576.png
tile_000000_006912,0,"(112, 231)",55.7,3.1,3.9,0.0,0.07,0.144,overlay/tile_000000_006912.png
tile_000576_000000,0,"(57, 604)",16.3,16.96,1.7,0.0,0.0,0.171,overlay/tile_000576_000000.png
tile_000576_000000,1,"(560, 554)",97.5,13.48,2.0,0.0,0.0,0.361,overlay/tile_000576_000000.png
tile_000576_000000,2,"(301, 557)",120.2,10.62,2.3,0.0,0.0,0.433,overlay/tile_000576_000000.png
tile_000576_000576,0,"(615, 557)",18.6,14.98,2.0,0.0,0.0,0.299,overlay/tile_000576_000576.png
tile_000576_000576,1,"(58, 554)",72.0,13.86,2.1,0.0,0.0,0.373,overlay/tile_000576_000576.png
tile_000576_000576,2,"(271, 539)",92.0,11.45,2.6,0.0,0.0,0.568,overlay/tile_000576_000576.png
tile_000576_001152,0,"(526, 571)",90.2,12.85,2.3,0.0,0.0,0.353,overlay/tile_000576_001152.png
tile_000576_001152,1,"(32, 537)",29.5,12.92,2.2,0.0,0.0,0.349,overlay/tile_000576_001152.png
tile_000576_001728,0,"(590, 580)",42.2,13.81,1.8,0.0,0.0,0.067,overlay/tile_000576_001728.png
tile_000576_001728,1,"(266, 550)",252.0,9.2,2.3,0.0,0.003,0.182,overlay/tile_000576_001728.png
tile_000576_002304,0,"(178, 584)",142.0,2.88,4.1,0.0,0.007,0.297,overlay/tile_000576_002304.png
tile_000576_002304,1,"(499, 577)",75.2,0.4,5.4,0.023,0.007,0.252,overlay/tile_000576_002304.png
tile_000576_002880,0,"(150, 594)",57.7,9.79,2.8,0.0,0.0,0.609,overlay/tile_000576_002880.png
tile_000576_002880,1,"(570, 593)",38.8,11.92,2.5,0.0,0.0,0.521,overlay/tile_000576_002880.png
tile_000576_002880,2,"(371, 575)",88.0,8.84,3.1,0.0,0.02,0.78,overlay/tile_000576_002880.png
tile_000576_003456,0,"(56, 601)",30.8,13.49,2.2,0.0,0.0,0.336,overlay/tile_000576_003456.png
tile_000576_003456,1,"(423, 584)",174.2,5.83,3.9,0.0,0.074,0.711,overlay/tile_000576_003456.png
tile_001152_000000,0,"(550, 58)",60.2,999.0,1.0,0.0,0.0,0.0,overlay/tile_001152_000000.png
tile_001152_000000,1,"(266, 130)",179.6,999.0,1.0,0.0,0.0,0.0,overlay/tile_001152_000000.png
tile_001152_000000,2,"(47, 124)",68.9,999.0,1.0,0.0,0.0,0.0,overlay/tile_001152_000000.png
tile_001152_000576,0,"(539, 617)",22.7,999.0,1.0,0.0,0.0,0.0,overlay/tile_001152_000576.png
tile_001152_000576,1,"(268, 68)",95.8,999.0,1.0,0.0,0.0,0.0,overlay/tile_001152_000576.png
tile_001152_000576,2,"(63, 43)",38.8,999.0,1.0,0.0,0.0,0.0,overlay/tile_001152_000576.png
tile_001152_001152,0,"(526, 75)",91.5,999.0,1.0,0.0,0.0,0.0,overlay/tile_001152_001152.png
tile_001152_001152,1,"(31, 43)",21.2,999.0,1.0,0.0,0.0,0.0,overlay/tile_001152_001152.png
tile_001152_001728,0,"(531, 394)",88.1,2.32,3.9,0.0,0.045,0.023,overlay/tile_001152_001728.png
tile_001152_001728,1,"(362, 88)",341.5,0.18,5.3,0.058,0.084,0.0,overlay/tile_001152_001728.png
tile_001152_002304,0,"(514, 93)",116.4,4.21,3.4,0.0,0.037,0.005,overlay/tile_001152_002304.png
tile_001152_002304,1,"(250, 292)",664.6,1.5,4.0,0.0,0.029,0.0,overlay/tile_001152_002304.png
tile_001152_002880,0,"(584, 432)",45.2,999.0,1.0,0.0,0.0,0.0,overlay/tile_001152_002880.png
tile_001152_002880,1,"(187, 452)",228.1,999.0,1.0,0.0,0.0,0.0,overlay/tile_001152_002880.png
tile_001152_002880,2,"(344, 95)",412.5,999.0,1.0,0.0,0.0,0.0,overlay/tile_001152_002880.png
tile_001152_004608,0,"(199, 514)",238.6,19.58,1.6,0.0,0.0,0.093,overlay/tile_001152_004608.png
tile_001152_004608,1,"(483, 469)",236.5,11.16,2.0,0.0,0.0,0.1,overlay/tile_001152_004608.png
tile_001152_005184,0,"(525, 354)",177.6,12.14,1.9,0.0,0.0,0.095,overlay/tile_001152_005184.png
tile_001152_005184,1,"(212, 418)",277.9,7.81,2.6,0.0,0.024,0.127,overlay/tile_001152_005184.png
tile_001152_005760,0,"(147, 590)",28.8,31.52,1.0,0.0,0.0,0.0,overlay/tile_001152_005760.png
tile_001152_005760,1,"(207, 377)",303.0,12.25,1.8,0.0,0.0,0.024,overlay/tile_001152_005760.png
tile_001152_005760,2,"(530, 336)",249.5,10.61,2.0,0.0,0.0,0.015,overlay/tile_001152_005760.png
tile_001152_006336,0,"(542, 406)",199.8,11.79,1.9,0.0,0.0,0.035,overlay/tile_001152_006336.png
tile_001152_006336,1,"(31, 322)",72.8,18.52,1.4,0.0,0.0,0.014,overlay/tile_001152_006336.png
tile_001152_006912,0,"(324, 384)",453.2,9.65,2.2,0.0,0.0,0.16,overlay/tile_001152_006912.png
tile_001152_007488,0,"(299, 434)",508.5,13.3,1.8,0.0,0.0,0.073,overlay/tile_001152_007488.png
tile_001152_008064,0,"(254, 430)",158.1,11.51,2.1,0.0,0.0,0.303,overlay/tile_001152_008064.png
tile_001152_008064,1,"(54, 429)",104.3,8.77,2.5,0.0,0.005,0.16,overlay/tile_001152_008064.png
tile_001152_008064,2,"(490, 427)",213.8,10.02,2.2,0.0,0.0,0.259,overlay/tile_001152_008064.png
tile_001152_008640,0,"(250, 463)",355.5,13.37,1.9,0.0,0.0,0.158,overlay/tile_001152_008640.png
tile_001152_008640,1,"(576, 463)",138.7,9.91,2.2,0.0,0.0,0.041,overlay/tile_001152_008640.png
tile_001152_009216,0,"(321, 454)",644.7,2.65,4.8,0.0,0.298,0.8,overlay/tile_001152_009216.png
tile_001152_009792,0,"(605, 515)",64.8,10.38,2.2,0.0,0.0,0.241,overlay/tile_001152_009792.png
tile_001152_009792,1,"(303, 503)",390.2,4.26,4.0,0.0,0.079,0.701,overlay/tile_001152_009792.png
tile_001152_009792,2,"(173, 282)",21.3,1.26,5.4,0.003,0.13,0.238,overlay/tile_001152_009792.png
tile_001152_010368,0,"(314, 509)",191.3,9.95,2.3,0.0,0.0,0.413,overlay/tile_001152_010368.png
tile_001152_010368,1,"(565, 506)",138.7,11.43,2.2,0.0,0.0,0.246,overlay/tile_001152_010368.png
tile_001152_010368,2,"(85, 477)",166.2,7.51,2.9,0.0,0.041,0.302,overlay/tile_001152_010368.png
tile_001152_010944,0,"(234, 532)",165.1,15.91,1.7,0.0,0.0,0.162,overlay/tile_001152_010944.png
tile_001152_010944,1,"(38, 474)",78.6,13.59,1.9,0.0,0.0,0.093,overlay/tile_001152_010944.png
tile_001152_010944,2,"(517, 497)",206.6,9.87,2.2,0.0,0.0,0.15,overlay/tile_001152_010944.png
tile_001152_011520,0,"(473, 517)",167.0,1.89,4.5,0.0,0.192,0.317,overlay/tile_001152_011520.png
tile_001152_011520,1,"(26, 500)",42.8,14.58,2.0,0.0,0.0,0.185,overlay/tile_001152_011520.png
tile_001152_011520,2,"(197, 502)",199.5,8.66,2.9,0.0,0.005,0.446,overlay/tile_001152_011520.png
tile_001152_012096,0,"(421, 511)",202.1,1.03,5.4,0.006,0.045,0.34,overlay/tile_001152_012096.png
tile_001152_012096,1,"(124, 495)",198.9,1.57,4.5,0.0,0.063,0.291,overlay/tile_001152_012096.png
tile_001152_012672,0,"(576, 533)",96.8,14.42,2.2,0.0,0.0,0.374,overlay/tile_001152_012672.png
tile_001152_012672,1,"(366, 496)",181.4,5.05,3.7,0.0,0.052,0.648,overlay/tile_001152_012672.png
tile_001152_012672,2,"(89, 519)",163.2,3.78,4.2,0.0,0.164,0.411,overlay/tile_001152_012672.png
tile_001152_013248,0,"(414, 550)",271.0,1.44,5.7,0.0,0.042,0.529,overlay/tile_001152_013248.png
tile_001152_013248,1,"(72, 526)",110.1,1.37,5.6,0.003,0.062,0.317,overlay/tile_001152_013248.png
tile_001152_013824,0,"(563, 580)",69.3,6.48,3.3,0.0,0.068,0.281,overlay/tile_001152_013824.png
tile_001152_013824,1,"(30, 566)",31.9,12.48,2.1,0.0,0.0,0.216,overlay/tile_001152_013824.png
tile_001152_014400,0,"(31, 576)",29.8,8.22,2.8,0.0,0.027,0.242,overlay/tile_001152_014400.png
tile_001152_014400,1,"(479, 568)",109.1,10.09,2.5,0.0,0.0,0.408,overlay/tile_001152_014400.png
tile_001152_014400,2,"(226, 561)",119.9,8.91,2.9,0.0,0.008,0.469,overlay/tile_001152_014400.png
tile_001152_014976,0,"(620, 587)",14.7,8.23,2.9,0.0,0.039,0.363,overlay/tile_001152_014976.png
tile_001152_014976,1,"(419, 585)",76.2,10.29,2.6,0.0,0.0,0.513,overlay/tile_001152_014976.png
tile_001152_014976,2,"(189, 586)",82.7,9.06,2.8,0.0,0.006,0.527,overlay/tile_001152_014976.png
tile_001152_015552,0,"(112, 592)",64.7,8.1,3.2,0.0,0.072,0.59,overlay/tile_001152_015552.png
tile_001152_015552,1,"(391, 584)",90.0,4.5,4.2,0.0,0.158,0.72,overlay/tile_001152_015552.png
tile_001152_016128,0,"(75, 619)",17.0,7.08,3.5,0.0,0.031,0.635,overlay/tile_001152_016128.png
tile_001152_016128,1,"(325, 615)",26.3,2.29,4.7,0.0,0.045,0.773,overlay/tile_001152_016128.png
tile_001728_000000,0,"(129, 324)",194.1,23.73,1.0,0.0,0.0,0.002,overlay/tile_001728_000000.png
tile_001728_000000,1,"(456, 186)",243.7,16.8,1.5,0.0,0.0,0.002,overlay/tile_001728_000000.png
tile_001728_000576,0,"(519, 549)",156.8,4.23,3.5,0.0,0.09,0.049,overlay/tile_001728_000576.png
tile_001728_000576,1,"(88, 184)",150.5,7.64,2.7,0.0,0.052,0.06,overlay/tile_001728_000576.png
tile_001728_000576,2,"(311, 165)",196.8,7.11,2.8,0.0,0.02,0.105,overlay/tile_001728_000576.png
tile_001728_000576,3,"(554, 163)",180.2,12.26,1.9,0.0,0.0,0.075,overlay/tile_001728_000576.png
tile_001728_001152,0,"(50, 556)",62.9,999.0,1.0,0.0,0.0,0.0,overlay/tile_001728_001152.png
tile_001728_001152,1,"(566, 216)",182.3,999.0,1.0,0.0,0.0,0.0,overlay/tile_001728_001152.png
tile_001728_001152,2,"(49, 185)",108.3,999.0,1.0,0.0,0.0,0.0,overlay/tile_001728_001152.png
tile_001728_001728,0,"(110, 551)",129.3,999.0,1.0,0.0,0.0,0.0,overlay/tile_001728_001728.png
tile_001728_001728,1,"(553, 546)",115.0,999.0,1.0,0.0,0.0,0.0,overlay/tile_001728_001728.png
tile_001728_001728,2,"(468, 181)",188.8,999.0,1.0,0.0,0.0,0.0,overlay/tile_001728_001728.png
tile_001728_001728,3,"(150, 187)",333.0,999.0,1.0,0.0,0.0,0.0,overlay/tile_001728_001728.png
tile_001728_002304,0,"(487, 571)",146.6,12.26,1.8,0.0,0.0,0.007,overlay/tile_001728_002304.png
tile_001728_002304,1,"(60, 549)",79.0,0.54,5.2,0.055,0.02,0.0,overlay/tile_001728_002304.png
tile_001728_002304,2,"(487, 179)",175.2,16.86,1.5,0.0,0.0,0.008,overlay/tile_001728_002304.png
tile_001728_002304,3,"(145, 188)",188.7,4.84,3.2,0.0,0.016,0.0,overlay/tile_001728_002304.png
tile_001728_002880,0,"(527, 370)",23.5,0.78,5.1,0.027,0.012,0.0,overlay/tile_001728_002880.png
tile_001728_002880,1,"(358, 184)",145.8,10.75,2.0,0.0,0.0,0.009,overlay/tile_001728_002880.png
tile_001728_002880,2,"(577, 187)",100.3,6.87,2.8,0.0,0.017,0.0,overlay/tile_001728_002880.png
tile_001728_002880,3,"(150, 169)",149.1,18.81,1.3,0.0,0.0,0.007,overlay/tile_001728_002880.png
tile_001728_004608,0,"(499, 32)",37.5,3.16,3.6,0.0,0.006,0.0,overlay/tile_001728_004608.png
tile_001728_004608,1,"(268, 55)",52.9,14.95,1.6,0.0,0.0,0.001,overlay/tile_001728_004608.png
tile_001728_005184,0,"(325, 581)",97.3,1.21,5.1,0.009,0.023,0.002,overlay/tile_001728_005184.png
tile_001728_005184,1,"(560, 550)",101.9,3.3,3.6,0.0,0.037,0.0,overlay/tile_001728_005184.png
tile_001728_005184,2,"(474, 425)",15.4,0.54,5.2,0.049,0.019,0.001,overlay/tile_001728_005184.png
tile_001728_005184,3,"(137, 68)",16.4,5.01,3.2,0.0,0.008,0.01,overlay/tile_001728_005184.png
tile_001728_005760,0,"(324, 535)",456.2,999.0,1.0,0.0,0.0,0.0,overlay/tile_001728_005760.png
tile_001728_005760,1,"(226, 122)",379.6,999.0,1.0,0.0,0.0,0.0,overlay/tile_001728_005760.png
tile_001728_006336,0,"(574, 546)",88.4,23.74,1.0,0.0,0.0,0.002,overlay/tile_001728_006336.png
tile_001728_006336,1,"(48, 538)",75.5,31.2,1.0,0.0,0.0,0.0,overlay/tile_001728_006336.png
tile_001728_006912,0,"(181, 543)",254.4,22.01,1.1,0.0,0.0,0.028,overlay/tile_001728_006912.png
tile_001728_006912,1,"(530, 548)",141.9,19.56,1.3,0.0,0.0,0.021,overlay/tile_001728_006912.png
tile_001728_006912,2,"(536, 189)",79.5,1.8,4.0,0.0,0.05,0.003,overlay/tile_001728_006912.png
tile_001728_006912,3,"(85, 145)",137.3,0.31,5.1,0.032,0.002,0.022,overlay/tile_001728_006912.png
tile_001728_007488,0,"(319, 326)",1036.1,0.18,5.1,0.02,0.053,0.0,overlay/tile_001728_007488.png
tile_001728_008064,0,"(293, 553)",347.5,6.58,2.8,0.0,0.005,0.012,overlay/tile_001728_008064.png
tile_001728_008064,1,"(295, 223)",397.9,0.18,5.1,0.024,0.012,0.0,overlay/tile_001728_008064.png
tile_001728_008640,0,"(470, 573)",144.4,21.6,1.1,0.0,0.0,0.003,overlay/tile_001728_008640.png
tile_001728_008640,1,"(174, 555)",123.9,23.51,1.0,0.0,0.0,0.003,overlay/tile_001728_008640.png
tile_001728_008640,2,"(359, 207)",466.0,1.75,4.0,0.0,0.006,0.0,overlay/tile_001728_008640.png
tile_001728_009216,0,"(88, 571)",87.5,21.31,1.2,0.0,0.0,0.023,overlay/tile_001728_009216.png
tile_001728_009216,1,"(312, 567)",104.2,20.04,1.3,0.0,0.0,0.025,overlay/tile_001728_009216.png
tile_001728_009216,2,"(533, 575)",70.3,22.1,1.1,0.0,0.0,0.003,overlay/tile_001728_009216.png
tile_001728_009216,3,"(307, 191)",691.5,0.0,5.1,0.026,0.0,0.0,overlay/tile_001728_009216.png
tile_001728_009792,0,"(40, 615)",14.1,12.24,1.9,0.0,0.0,0.038,overlay/tile_001728_009792.png
tile_001728_009792,1,"(189, 578)",65.6,1.13,5.2,0.007,0.087,0.005,overlay/tile_001728_009792.png
tile_001728_009792,2,"(572, 285)",54.2,9.32,2.2,0.0,0.002,0.034,overlay/tile_001728_009792.png
tile_001728_009792,3,"(241, 172)",592.5,4.09,3.5,0.0,0.035,0.04,overlay/tile_001728_009792.png
tile_001728_010368,0,"(431, 572)",192.8,18.52,1.4,0.0,0.0,0.006,overlay/tile_001728_010368.png
tile_001728_010368,1,"(328, 210)",652.3,0.0,5.0,0.005,0.0,0.0,overlay/tile_001728_010368.png
tile_001728_010944,0,"(55, 569)",52.8,20.4,1.2,0.0,0.0,0.016,overlay/tile_001728_010944.png
tile_001728_010944,1,"(574, 567)",61.3,0.13,5.4,0.109,0.052,0.012,overlay/tile_001728_010944.png
tile_001728_010944,2,"(574, 309)",52.0,4.8,3.3,0.0,0.07,0.002,overlay/tile_001728_010944.png
tile_001728_010944,3,"(124, 298)",123.7,12.48,1.8,0.0,0.0,0.034,overlay/tile_001728_010944.png
tile_001728_010944,4,"(506, 37)",49.4,0.35,5.2,0.034,0.042,0.016,overlay/tile_001728_010944.png
tile_001728_010944,5,"(231, 47)",69.6,14.76,1.7,0.0,0.0,0.029,overlay/tile_001728_010944.png
tile_001728_011520,0,"(284, 584)",85.8,18.78,1.4,0.0,0.0,0.125,overlay/tile_001728_011520.png
tile_001728_011520,1,"(556, 582)",69.7,18.56,1.5,0.0,0.0,0.093,overlay/tile_001728_011520.png
tile_001728_011520,2,"(71, 579)",63.5,19.46,1.4,0.0,0.0,0.078,overlay/tile_001728_011520.png
tile_001728_011520,3,"(616, 56)",18.2,1.1,5.5,0.03,0.248,0.076,overlay/tile_001728_011520.png
tile_001728_011520,4,"(492, 50)",61.9,0.12,6.2,0.279,0.324,0.011,overlay/tile_001728_011520.png
tile_001728_011520,5,"(299, 276)",406.3,0.91,5.3,0.005,0.166,0.0,overlay/tile_001728_011520.png
tile_001728_012096,0,"(535, 598)",57.1,2.52,3.8,0.0,0.024,0.017,overlay/tile_001728_012096.png
tile_001728_012096,1,"(281, 596)",68.6,12.02,1.9,0.0,0.0,0.04,overlay/tile_001728_012096.png
tile_001728_012096,2,"(49, 573)",39.0,19.86,1.3,0.0,0.0,0.034,overlay/tile_001728_012096.png
tile_001728_012096,3,"(602, 50)",27.4,17.98,1.4,0.0,0.0,0.042,overlay/tile_001728_012096.png
tile_001728_012096,4,"(317, 239)",660.1,0.0,5.2,0.027,0.066,0.0,overlay/tile_001728_012096.png
tile_001728_012672,0,"(513, 610)",39.0,20.59,1.2,0.0,0.0,0.016,overlay/tile_001728_012672.png
tile_001728_012672,1,"(176, 606)",79.2,1.8,4.0,0.0,0.048,0.0,overlay/tile_001728_012672.png
tile_001728_012672,2,"(379, 252)",637.7,2.76,3.7,0.0,0.027,0.0,overlay/tile_001728_012672.png
tile_001728_012672,3,"(98, 55)",75.9,19.51,1.3,0.0,0.0,0.015,overlay/tile_001728_012672.png
tile_001728_013248,0,"(220, 601)",40.1,4.03,3.5,0.0,0.038,0.0,overlay/tile_001728_013248.png
tile_001728_013248,1,"(208, 366)",16.3,6.85,2.8,0.0,0.025,0.003,overlay/tile_001728_013248.png
tile_001728_013248,2,"(478, 378)",100.4,14.29,1.7,0.0,0.0,0.019,overlay/tile_001728_013248.png
tile_001728_013248,3,"(82, 258)",34.8,6.06,3.0,0.0,0.027,0.003,overlay/tile_001728_013248.png
tile_001728_013248,4,"(542, 79)",109.1,28.65,1.0,0.0,0.0,0.005,overlay/tile_001728_013248.png
tile_001728_013248,5,"(294, 82)",128.7,18.4,1.4,0.0,0.0,0.016,overlay/tile_001728_013248.png
tile_001728_013248,6,"(78, 37)",38.8,22.08,1.1,0.0,0.0,0.015,overlay/tile_001728_013248.png
tile_001728_013824,0,"(552, 403)",105.2,3.23,3.6,0.0,0.023,0.016,overlay/tile_001728_013824.png
tile_001728_013824,1,"(544, 112)",145.4,1.66,4.0,0.0,0.007,0.01,overlay/tile_001728_013824.png
tile_001728_013824,2,"(30, 79)",35.1,22.02,1.1,0.0,0.0,0.018,overlay/tile_001728_013824.png
tile_001728_014400,0,"(464, 119)",172.0,0.85,5.1,0.009,0.064,0.016,overlay/tile_001728_014400.png
tile_001728_014400,1,"(209, 93)",138.8,3.84,3.5,0.0,0.021,0.038,overlay/tile_001728_014400.png
tile_001728_014400,2,"(34, 87)",43.3,13.03,1.8,0.0,0.0,0.037,overlay/tile_001728_014400.png
tile_001728_014976,0,"(369, 465)",266.2,1.39,5.1,0.0,0.057,0.0,overlay/tile_001728_014976.png
tile_001728_014976,1,"(429, 115)",165.2,3.74,3.6,0.0,0.045,0.015,overlay/tile_001728_014976.png
tile_001728_014976,2,"(161, 107)",153.3,3.58,3.6,0.0,0.035,0.022,overlay/tile_001728_014976.png
tile_001728_015552,0,"(572, 505)",16.4,31.77,1.0,0.0,0.0,0.0,overlay/tile_001728_015552.png
tile_001728_015552,1,"(595, 170)",84.9,31.49,1.0,0.0,0.0,0.0,overlay/tile_001728_015552.png
tile_001728_015552,2,"(296, 327)",499.2,2.16,3.9,0.0,0.005,0.0,overlay/tile_001728_015552.png
tile_001728_015552,3,"(125, 130)",188.0,5.32,3.1,0.0,0.01,0.0,overlay/tile_001728_015552.png
tile_001728_016128,0,"(574, 521)",56.5,21.09,1.2,0.0,0.0,0.046,overlay/tile_001728_016128.png
tile_001728_016128,1,"(101, 503)",97.0,2.28,4.0,0.0,0.047,0.017,overlay/tile_001728_016128.png
tile_001728_016128,2,"(566, 185)",144.5,0.08,5.4,0.133,0.067,0.017,overlay/tile_001728_016128.png
tile_001728_016128,3,"(81, 154)",158.3,0.65,5.2,0.04,0.042,0.033,overlay/tile_001728_016128.png
tile_001728_016128,4,"(332, 160)",214.5,0.0,5.2,0.058,0.069,0.0,overlay/tile_001728_016128.png
tile_001728_016704,0,"(301, 561)",314.2,19.69,1.3,0.0,0.0,0.045,overlay/tile_001728_016704.png
tile_001728_016704,1,"(298, 218)",211.3,0.0,5.2,0.046,0.039,0.0,overlay/tile_001728_016704.png
tile_001728_016704,2,"(546, 212)",181.8,12.87,1.8,0.0,0.0,0.04,overlay/tile_001728_016704.png
tile_001728_016704,3,"(65, 136)",76.4,0.0,5.5,0.142,0.091,0.0,overlay/tile_001728_016704.png
tile_002304_000000,0,"(332, 259)",121.8,999.0,1.0,0.0,0.0,0.0,overlay/tile_002304_000000.png
tile_002304_000576,0,"(185, 613)",34.1,7.26,2.7,0.0,0.006,0.016,overlay/tile_002304_000576.png
tile_002304_000576,1,"(59, 331)",114.6,8.31,2.4,0.0,0.009,0.024,overlay/tile_002304_000576.png
tile_002304_000576,2,"(542, 365)",282.7,1.06,5.1,0.006,0.033,0.013,overlay/tile_002304_000576.png
tile_002304_000576,3,"(517, 44)",78.9,5.82,3.0,0.0,0.031,0.018,overlay/tile_002304_000576.png
tile_002304_001152,0,"(619, 398)",15.1,23.58,1.0,0.0,0.0,0.007,overlay/tile_002304_001152.png
tile_002304_001152,1,"(72, 407)",198.9,0.47,5.1,0.023,0.01,0.0,overlay/tile_002304_001152.png
tile_002304_001152,2,"(607, 214)",33.9,24.57,1.0,0.0,0.0,0.007,overlay/tile_002304_001152.png
tile_002304_001152,3,"(585, 40)",31.7,29.83,1.0,0.0,0.0,0.0,overlay/tile_002304_001152.png
tile_002304_001728,0,"(147, 492)",223.7,999.0,1.0,0.0,0.0,0.0,overlay/tile_002304_001728.png
tile_002304_001728,1,"(121, 212)",156.3,999.0,1.0,0.0,0.0,0.0,overlay/tile_002304_001728.png
tile_002304_001728,2,"(565, 293)",318.0,999.0,1.0,0.0,0.0,0.0,overlay/tile_002304_001728.png
tile_002304_001728,3,"(109, 44)",70.1,999.0,1.0,0.0,0.0,0.0,overlay/tile_002304_001728.png
tile_002304_002304,0,"(496, 494)",207.0,0.35,5.1,0.03,0.002,0.005,overlay/tile_002304_002304.png
tile_002304_002304,1,"(68, 423)",224.7,12.39,1.8,0.0,0.0,0.009,overlay/tile_002304_002304.png
tile_002304_002304,2,"(485, 66)",147.1,0.0,5.2,0.082,0.001,0.003,overlay/tile_002304_002304.png
tile_002304_002304,3,"(55, 76)",59.9,10.69,2.0,0.0,0.0,0.008,overlay/tile_002304_002304.png
tile_002304_002880,0,"(361, 498)",397.7,0.84,5.0,0.008,0.002,0.0,overlay/tile_002304_002880.png
tile_002304_002880,1,"(322, 73)",336.7,24.17,1.0,0.0,0.0,0.003,overlay/tile_002304_002880.png
tile_002304_003456,0,"(362, 454)",417.8,1.02,5.0,0.004,0.02,0.0,overlay/tile_002304_003456.png
tile_002304_003456,1,"(399, 67)",121.3,26.39,1.0,0.0,0.0,0.012,overlay/tile_002304_003456.png
tile_002304_003456,2,"(103, 75)",113.1,26.46,1.0,0.0,0.0,0.008,overlay/tile_002304_003456.png
tile_002304_005760,0,"(541, 620)",20.8,16.93,1.5,0.0,0.0,0.042,overlay/tile_002304_005760.png
tile_002304_005760,1,"(520, 426)",203.5,2.16,3.9,0.0,0.005,0.044,overlay/tile_002304_005760.png
tile_002304_005760,2,"(553, 87)",112.3,4.57,3.3,0.0,0.008,0.032,overlay/tile_002304_005760.png
tile_002304_005760,3,"(297, 59)",104.2,5.65,3.1,0.0,0.005,0.039,overlay/tile_002304_005760.png
tile_002304_005760,4,"(69, 77)",69.0,10.17,2.0,0.0,0.0,0.038,overlay/tile_002304_005760.png
tile_002304_006336,0,"(51, 423)",72.7,999.0,1.0,0.0,0.0,0.0,overlay/tile_002304_006336.png
tile_002304_006336,1,"(573, 96)",89.9,999.0,1.0,0.0,0.0,0.0,overlay/tile_002304_006336.png
tile_002304_006336,2,"(50, 79)",60.9,999.0,1.0,0.0,0.0,0.0,overlay/tile_002304_006336.png
tile_002304_006912,0,"(142, 476)",281.2,999.0,1.0,0.0,0.0,0.0,overlay/tile_002304_006912.png
tile_002304_006912,1,"(583, 470)",137.3,999.0,1.0,0.0,0.0,0.0,overlay/tile_002304_006912.png
tile_002304_006912,2,"(524, 67)",109.9,999.0,1.0,0.0,0.0,0.0,overlay/tile_002304_006912.png
tile_002304_006912,3,"(179, 81)",216.5,999.0,1.0,0.0,0.0,0.0,overlay/tile_002304_006912.png
tile_002304_007488,0,"(530, 457)",164.9,0.9,5.0,0.009,0.006,0.005,overlay/tile_002304_007488.png
tile_002304_007488,1,"(90, 460)",215.5,0.72,5.0,0.009,0.01,0.004,overlay/tile_002304_007488.png
tile_002304_007488,2,"(565, 66)",70.2,17.84,1.4,0.0,0.0,0.007,overlay/tile_002304_007488.png
tile_002304_007488,3,"(231, 78)",116.1,5.07,3.2,0.0,0.01,0.003,overlay/tile_002304_007488.png
tile_002304_007488,4,"(27, 65)",25.8,9.77,2.1,0.0,0.001,0.004,overlay/tile_002304_007488.png
tile_002304_008064,0,"(311, 475)",556.1,2.0,3.9,0.0,0.012,0.0,overlay/tile_002304_008064.png
tile_002304_008064,1,"(314, 119)",448.0,1.62,4.0,0.0,0.01,0.0,overlay/tile_002304_008064.png
tile_002304_008640,0,"(514, 479)",202.7,2.19,3.9,0.0,0.025,0.013,overlay/tile_002304_008640.png
tile_002304_008640,1,"(178, 482)",304.2,2.2,3.9,0.0,0.025,0.014,overlay/tile_002304_008640.png
tile_002304_008640,2,"(335, 226)",20.5,10.81,2.0,0.0,0.0,0.02,overlay/tile_002304_008640.png
tile_002304_008640,3,"(82, 207)",22.4,0.6,5.2,0.056,0.026,0.006,overlay/tile_002304_008640.png
tile_002304_008640,4,"(479, 73)",168.4,5.82,3.0,0.0,0.029,0.012,overlay/tile_002304_008640.png
tile_002304_008640,5,"(175, 67)",98.6,7.07,2.7,0.0,0.026,0.012,overlay/tile_002304_008640.png
tile_002304_009216,0,"(349, 560)",178.6,5.6,3.1,0.0,0.029,0.013,overlay/tile_002304_009216.png
tile_002304_009216,1,"(50, 466)",88.0,0.9,5.1,0.019,0.02,0.018,overlay/tile_002304_009216.png
tile_002304_009216,2,"(544, 114)",146.4,6.97,2.8,0.0,0.053,0.008,overlay/tile_002304_009216.png
tile_002304_009216,3,"(210, 84)",229.4,6.37,2.9,0.0,0.018,0.02,overlay/tile_002304_009216.png
tile_002304_009792,0,"(176, 528)",82.7,1.56,4.1,0.0,0.03,0.044,overlay/tile_002304_009792.png
tile_002304_009792,1,"(601, 487)",70.7,0.46,5.2,0.044,0.013,0.05,overlay/tile_002304_009792.png
tile_002304_009792,2,"(586, 173)",55.9,7.19,2.8,0.0,0.042,0.043,overlay/tile_002304_009792.png
tile_002304_009792,3,"(41, 117)",61.2,8.83,2.3,0.0,0.011,0.052,overlay/tile_002304_009792.png
tile_002304_009792,4,"(189, 141)",151.6,1.82,4.1,0.0,0.102,0.007,overlay/tile_002304_009792.png
tile_002304_010368,0,"(112, 502)",217.5,0.78,5.2,0.029,0.054,0.012,overlay/tile_002304_010368.png
tile_002304_010368,1,"(119, 226)",31.2,1.03,5.1,0.012,0.073,0.0,overlay/tile_002304_010368.png
tile_002304_010368,2,"(516, 315)",482.8,7.78,2.6,0.0,0.023,0.043,overlay/tile_002304_010368.png
tile_002304_010368,3,"(291, 25)",23.0,2.95,3.7,0.0,0.04,0.021,overlay/tile_002304_010368.png
tile_002304_010944,0,"(614, 572)",24.9,999.0,1.0,0.0,0.0,0.0,overlay/tile_002304_010944.png
tile_002304_010944,1,"(55, 484)",42.1,999.0,1.0,0.0,0.0,0.0,overlay/tile_002304_010944.png
tile_002304_010944,2,"(58, 285)",85.3,999.0,1.0,0.0,0.0,0.0,overlay/tile_002304_010944.png
tile_002304_010944,3,"(208, 125)",58.0,999.0,1.0,0.0,0.0,0.0,overlay/tile_002304_010944.png
tile_002304_010944,4,"(583, 93)",75.8,999.0,1.0,0.0,0.0,0.0,overlay/tile_002304_010944.png
tile_002304_010944,5,"(52, 31)",25.8,999.0,1.0,0.0,0.0,0.0,overlay/tile_002304_010944.png
tile_002304_011520,0,"(583, 595)",34.1,16.42,1.5,0.0,0.0,0.007,overlay/tile_002304_011520.png
tile_002304_011520,1,"(356, 583)",82.1,9.7,2.1,0.0,0.0,0.007,overlay/tile_002304_011520.png
tile_002304_011520,2,"(105, 568)",97.8,10.78,1.9,0.0,0.0,0.007,overlay/tile_002304_011520.png
tile_002304_011520,3,"(314, 423)",42.9,1.18,5.0,0.005,0.011,0.0,overlay/tile_002304_011520.png
tile_002304_011520,4,"(518, 403)",17.8,8.01,2.5,0.0,0.012,0.002,overlay/tile_002304_011520.png
tile_002304_011520,5,"(125, 348)",40.3,6.54,2.8,0.0,0.016,0.0,overlay/tile_002304_011520.png
tile_002304_011520,6,"(553, 120)",148.8,10.39,2.0,0.0,0.0,0.007,overlay/tile_002304_011520.png
tile_002304_011520,7,"(295, 87)",138.3,3.45,3.6,0.0,0.014,0.0,overlay/tile_002304_011520.png
tile_002304_011520,8,"(75, 93)",102.0,11.81,1.9,0.0,0.0,0.007,overlay/tile_002304_011520.png
tile_002304_012096,0,"(76, 594)",48.5,9.08,2.2,0.0,0.009,0.008,overlay/tile_002304_012096.png
tile_002304_012096,1,"(299, 583)",91.6,11.6,1.9,0.0,0.0,0.011,overlay/tile_002304_012096.png
tile_002304_012096,2,"(542, 545)",128.5,24.57,1.0,0.0,0.0,0.01,overlay/tile_002304_012096.png
tile_002304_012096,3,"(534, 106)",153.0,23.28,1.0,0.0,0.0,0.01,overlay/tile_002304_012096.png
tile_002304_012096,4,"(277, 131)",209.6,9.82,2.1,0.0,0.0,0.014,overlay/tile_002304_012096.png
tile_002304_012672,0,"(497, 578)",89.0,0.46,5.1,0.039,0.006,0.008,overlay/tile_002304_012672.png
tile_002304_012672,1,"(223, 561)",120.2,15.83,1.6,0.0,0.0,0.013,overlay/tile_002304_012672.png
tile_002304_012672,2,"(43, 550)",56.4,31.19,1.0,0.0,0.0,0.0,overlay/tile_002304_012672.png
tile_002304_012672,3,"(522, 148)",207.7,2.94,3.7,0.0,0.024,0.004,overlay/tile_002304_012672.png
tile_002304_012672,4,"(192, 119)",286.7,14.51,1.7,0.0,0.0,0.016,overlay/tile_002304_012672.png
tile_002304_013248,0,"(499, 581)",97.8,7.83,2.6,0.0,0.02,0.042,overlay/tile_002304_013248.png
tile_002304_013248,1,"(214, 586)",82.0,2.95,3.8,0.0,0.077,0.021,overlay/tile_002304_013248.png
tile_002304_013248,2,"(307, 338)",17.8,0.0,5.6,0.201,0.066,0.009,overlay/tile_002304_013248.png
tile_002304_013248,3,"(43, 130)",64.4,0.9,5.1,0.01,0.032,0.04,overlay/tile_002304_013248.png
tile_002304_013248,4,"(498, 165)",217.1,0.42,5.1,0.032,0.026,0.041,overlay/tile_002304_013248.png
tile_002304_013248,5,"(234, 140)",209.0,0.72,5.1,0.012,0.07,0.013,overlay/tile_002304_013248.png
tile_002304_013824,0,"(471, 606)",42.0,0.06,5.5,0.113,0.158,0.02,overlay/tile_002304_013824.png
tile_002304_013824,1,"(27, 577)",24.3,16.5,1.6,0.0,0.0,0.066,overlay/tile_002304_013824.png
tile_002304_013824,2,"(532, 177)",208.2,2.94,3.8,0.0,0.106,0.03,overlay/tile_002304_013824.png
tile_002304_013824,3,"(233, 61)",47.4,2.36,3.9,0.0,0.054,0.045,overlay/tile_002304_013824.png
tile_002304_014400,0,"(283, 588)",171.1,999.0,1.0,0.0,0.0,0.0,overlay/tile_002304_014400.png
tile_002304_014400,1,"(325, 201)",457.7,999.0,1.0,0.0,0.0,0.0,overlay/tile_002304_014400.png
tile_002304_014976,0,"(432, 606)",51.4,8.19,2.5,0.0,0.028,0.034,overlay/tile_002304_014976.png
tile_002304_014976,1,"(466, 192)",170.6,3.19,3.7,0.0,0.052,0.019,overlay/tile_002304_014976.png
tile_002304_014976,2,"(194, 185)",199.3,4.97,3.2,0.0,0.005,0.052,overlay/tile_002304_014976.png
tile_002304_015552,0,"(461, 247)",161.6,1.5,4.1,0.0,0.063,0.01,overlay/tile_002304_015552.png
tile_002304_015552,1,"(180, 233)",179.6,1.45,5.1,0.0,0.007,0.059,overlay/tile_002304_015552.png
tile_002304_016128,0,"(465, 275)",182.2,4.97,3.3,0.0,0.056,0.072,overlay/tile_002304_016128.png
tile_002304_016128,1,"(173, 265)",165.1,0.92,5.1,0.008,0.039,0.084,overlay/tile_002304_016128.png
tile_002304_016704,0,"(617, 482)",14.3,3.22,3.7,0.0,0.033,0.051,overlay/tile_002304_016704.png
tile_002304_016704,1,"(397, 340)",383.9,1.33,5.2,0.001,0.077,0.06,overlay/tile_002304_016704.png
tile_002880_000576,0,"(584, 342)",155.9,0.48,5.0,0.009,0.001,0.0,overlay/tile_002880_000576.png
tile_002880_000576,1,"(447, 113)",62.2,5.1,3.2,0.0,0.004,0.0,overlay/tile_002880_000576.png
tile_002880_000576,2,"(130, 290)",419.9,17.75,1.4,0.0,0.0,0.003,overlay/tile_002880_000576.png
tile_002880_001152,0,"(112, 484)",197.8,6.01,3.0,0.0,0.007,0.011,overlay/tile_002880_001152.png
tile_002880_001152,1,"(101, 158)",155.7,0.35,5.2,0.046,0.025,0.0,overlay/tile_002880_001152.png
tile_002880_001728,0,"(213, 531)",160.5,999.0,1.0,0.0,0.0,0.0,overlay/tile_002880_001728.png
tile_002880_001728,1,"(214, 304)",171.6,999.0,1.0,0.0,0.0,0.0,overlay/tile_002880_001728.png
tile_002880_001728,2,"(175, 80)",157.9,999.0,1.0,0.0,0.0,0.0,overlay/tile_002880_001728.png
tile_002880_002304,0,"(508, 228)",297.3,0.35,5.1,0.028,0.012,0.0,overlay/tile_002880_002304.png
tile_002880_002304,1,"(92, 309)",371.6,11.22,1.9,0.0,0.0,0.016,overlay/tile_002880_002304.png
tile_002880_002880,0,"(592, 610)",17.0,28.07,1.0,0.0,0.0,0.006,overlay/tile_002880_002880.png
tile_002880_002880,1,"(320, 295)",454.8,3.31,3.6,0.0,0.023,0.0,overlay/tile_002880_002880.png
tile_002880_003456,0,"(289, 570)",215.1,24.74,1.0,0.0,0.0,0.004,overlay/tile_002880_003456.png
tile_002880_003456,1,"(61, 259)",94.6,12.84,1.8,0.0,0.0,0.003,overlay/tile_002880_003456.png
tile_002880_003456,2,"(418, 192)",486.9,0.3,5.0,0.017,0.001,0.0,overlay/tile_002880_003456.png
tile_002880_004032,0,"(83, 590)",34.5,31.12,1.0,0.0,0.0,0.0,overlay/tile_002880_004032.png
tile_002880_004032,1,"(40, 400)",17.7,20.63,1.2,0.0,0.0,0.008,overlay/tile_002880_004032.png
tile_002880_004032,2,"(457, 544)",217.0,22.59,1.1,0.0,0.0,0.011,overlay/tile_002880_004032.png
tile_002880_004032,3,"(218, 176)",318.7,1.86,3.9,0.0,0.014,0.0,overlay/tile_002880_004032.png
tile_002880_004608,0,"(570, 494)",133.2,8.3,2.6,0.0,0.021,0.199,overlay/tile_002880_004608.png
tile_002880_005760,0,"(608, 607)",14.4,26.57,1.0,0.0,0.0,0.007,overlay/tile_002880_005760.png
tile_002880_005760,1,"(452, 594)",44.6,16.97,1.5,0.0,0.0,0.006,overlay/tile_002880_005760.png
tile_002880_005760,2,"(186, 563)",119.9,7.43,2.6,0.0,0.011,0.002,overlay/tile_002880_005760.png
tile_002880_005760,3,"(49, 215)",89.8,5.56,3.1,0.0,0.016,0.0,overlay/tile_002880_005760.png
tile_002880_005760,4,"(542, 247)",303.9,10.07,2.0,0.0,0.0,0.008,overlay/tile_002880_005760.png
tile_002880_006336,0,"(607, 86)",22.4,24.88,1.0,0.0,0.0,0.01,overlay/tile_002880_006336.png
tile_002880_006336,1,"(89, 354)",311.9,0.06,5.2,0.079,0.027,0.0,overlay/tile_002880_006336.png
tile_002880_006912,0,"(197, 429)",391.1,999.0,1.0,0.0,0.0,0.0,overlay/tile_002880_006912.png
tile_002880_006912,1,"(152, 89)",180.7,999.0,1.0,0.0,0.0,0.0,overlay/tile_002880_006912.png
tile_002880_007488,0,"(562, 418)",206.0,0.66,5.0,0.013,0.001,0.007,overlay/tile_002880_007488.png
tile_002880_007488,1,"(114, 326)",444.4,13.97,1.7,0.0,0.0,0.013,overlay/tile_002880_007488.png
tile_002880_008064,0,"(83, 415)",231.6,15.43,1.6,0.0,0.0,0.031,overlay/tile_002880_008064.png
tile_002880_008064,1,"(443, 392)",401.2,0.0,5.2,0.08,0.007,0.0,overlay/tile_002880_008064.png
tile_002880_008640,0,"(85, 382)",135.4,1.8,4.0,0.0,0.004,0.045,overlay/tile_002880_008640.png
tile_002880_008640,1,"(425, 351)",313.9,0.12,5.2,0.046,0.05,0.0,overlay/tile_002880_008640.png
tile_002880_009216,0,"(102, 602)",54.5,3.36,3.7,0.0,0.074,0.033,overlay/tile_002880_009216.png
tile_002880_009216,1,"(443, 584)",149.8,0.8,5.3,0.029,0.129,0.002,overlay/tile_002880_009216.png
tile_002880_009216,2,"(613, 246)",40.5,3.99,3.5,0.0,0.042,0.037,overlay/tile_002880_009216.png
tile_002880_009216,3,"(271, 249)",534.5,1.98,4.0,0.0,0.085,0.0,overlay/tile_002880_009216.png
tile_002880_009792,0,"(20, 584)",17.1,0.72,5.4,0.063,0.127,0.026,overlay/tile_002880_009792.png
tile_002880_009792,1,"(265, 564)",116.6,0.25,5.3,0.076,0.092,0.024,overlay/tile_002880_009792.png
tile_002880_009792,2,"(189, 232)",289.9,4.48,3.4,0.0,0.07,0.048,overlay/tile_002880_009792.png
tile_002880_009792,3,"(36, 27)",14.9,23.84,1.0,0.0,0.0,0.048,overlay/tile_002880_009792.png
tile_002880_010368,0,"(387, 415)",14.5,2.77,3.7,0.0,0.018,0.01,overlay/tile_002880_010368.png
tile_002880_010368,1,"(575, 463)",97.6,9.31,2.2,0.0,0.002,0.018,overlay/tile_002880_010368.png
tile_002880_010368,2,"(555, 202)",127.3,8.46,2.4,0.0,0.007,0.017,overlay/tile_002880_010368.png
tile_002880_010368,3,"(421, 43)",26.5,4.56,3.3,0.0,0.007,0.017,overlay/tile_002880_010368.png
tile_002880_010368,4,"(148, 316)",518.8,0.17,5.2,0.06,0.029,0.0,overlay/tile_002880_010368.png
tile_002880_010944,0,"(99, 457)",152.5,22.18,1.1,0.0,0.0,0.022,overlay/tile_002880_010944.png
tile_002880_010944,1,"(80, 216)",117.5,21.95,1.1,0.0,0.0,0.021,overlay/tile_002880_010944.png
tile_002880_011520,0,"(277, 461)",206.9,1.39,5.2,0.0,0.119,0.0,overlay/tile_002880_011520.png
tile_002880_011520,1,"(584, 78)",63.8,5.16,3.3,0.0,0.114,0.04,overlay/tile_002880_011520.png
tile_002880_011520,2,"(356, 93)",134.0,0.84,5.3,0.016,0.139,0.01,overlay/tile_002880_011520.png
tile_002880_011520,3,"(99, 122)",170.4,1.35,5.2,0.003,0.073,0.054,overlay/tile_002880_011520.png
tile_002880_012096,0,"(303, 614)",20.9,2.28,3.8,0.0,0.022,0.0,overlay/tile_002880_012096.png
tile_002880_012096,1,"(557, 612)",29.0,5.11,3.2,0.0,0.031,0.0,overlay/tile_002880_012096.png
tile_002880_012096,2,"(352, 289)",786.5,2.46,3.8,0.0,0.012,0.0,overlay/tile_002880_012096.png
tile_002880_012096,3,"(83, 92)",103.9,23.38,1.0,0.0,0.0,0.006,overlay/tile_002880_012096.png
tile_002880_012672,0,"(390, 620)",15.5,20.65,1.2,0.0,0.0,0.007,overlay/tile_002880_012672.png
tile_002880_012672,1,"(42, 594)",24.8,18.6,1.4,0.0,0.0,0.007,overlay/tile_002880_012672.png
tile_002880_012672,2,"(362, 263)",778.9,0.59,5.0,0.005,0.011,0.0,overlay/tile_002880_012672.png
tile_002880_012672,3,"(44, 63)",40.0,4.78,3.3,0.0,0.02,0.003,overlay/tile_002880_012672.png
tile_002880_013248,0,"(358, 307)",661.6,0.35,5.1,0.016,0.043,0.018,overlay/tile_002880_013248.png
tile_002880_013248,1,"(209, 97)",148.1,0.25,5.4,0.061,0.033,0.0,overlay/tile_002880_013248.png
tile_002880_013824,0,"(492, 138)",183.3,0.85,5.3,0.01,0.101,0.023,overlay/tile_002880_013824.png
tile_002880_013824,1,"(25, 85)",32.6,14.1,1.7,0.0,0.0,0.054,overlay/tile_002880_013824.png
tile_002880_014400,0,"(318, 257)",909.5,0.38,5.1,0.022,0.044,0.0,overlay/tile_002880_014400.png
tile_002880_014976,0,"(167, 488)",116.4,3.58,3.5,0.0,0.018,0.0,overlay/tile_002880_014976.png
tile_002880_014976,1,"(196, 383)",15.6,3.47,3.6,0.0,0.014,0.003,overlay/tile_002880_014976.png
tile_002880_014976,2,"(162, 171)",201.4,1.14,5.0,0.002,0.014,0.004,overlay/tile_002880_014976.png
tile_002880_014976,3,"(436, 135)",215.0,13.02,1.8,0.0,0.0,0.013,overlay/tile_002880_014976.png
tile_002880_015552,0,"(419, 234)",187.3,2.47,3.8,0.0,0.015,0.0,overlay/tile_002880_015552.png
tile_002880_015552,1,"(366, 498)",477.9,4.04,3.4,0.0,0.021,0.0,overlay/tile_002880_015552.png
tile_002880_015552,2,"(161, 199)",167.9,0.78,5.1,0.015,0.019,0.0,overlay/tile_002880_015552.png
tile_002880_016128,0,"(410, 230)",212.8,0.0,5.2,0.053,0.075,0.0,overlay/tile_002880_016128.png
tile_002880_016128,1,"(128, 192)",195.4,2.47,3.9,0.0,0.026,0.054,overlay/tile_002880_016128.png
tile_002880_016704,0,"(69, 588)",54.3,2.96,3.8,0.0,0.045,0.04,overlay/tile_002880_016704.png
tile_002880_016704,1,"(581, 567)",66.0,0.7,5.3,0.069,0.072,0.064,overlay/tile_002880_016704.png
tile_002880_016704,2,"(301, 326)",435.0,0.32,5.3,0.036,0.107,0.11,overlay/tile_002880_016704.png
tile_003456_000576,0,"(205, 471)",403.7,999.0,1.0,0.0,0.0,0.0,overlay/tile_003456_000576.png
tile_003456_000576,1,"(571, 466)",132.4,999.0,1.0,0.0,0.0,0.0,overlay/tile_003456_000576.png
tile_003456_000576,2,"(592, 126)",79.8,999.0,1.0,0.0,0.0,0.0,overlay/tile_003456_000576.png
tile_003456_000576,3,"(117, 120)",198.4,999.0,1.0,0.0,0.0,0.0,overlay/tile_003456_000576.png
tile_003456_001152,0,"(169, 452)",284.4,1.25,5.0,0.005,0.025,0.0,overlay/tile_003456_001152.png
tile_003456_001152,1,"(75, 115)",124.2,18.02,1.4,0.0,0.0,0.013,overlay/tile_003456_001152.png
tile_003456_001728,0,"(341, 605)",57.5,9.16,2.2,0.0,0.004,0.033,overlay/tile_003456_001728.png
tile_003456_001728,1,"(285, 399)",134.7,8.6,2.4,0.0,0.005,0.047,overlay/tile_003456_001728.png
tile_003456_001728,2,"(264, 176)",140.0,8.95,2.3,0.0,0.006,0.038,overlay/tile_003456_001728.png
tile_003456_001728,3,"(222, 24)",27.8,16.11,1.6,0.0,0.0,0.022,overlay/tile_003456_001728.png
tile_003456_002304,0,"(452, 593)",56.7,1.58,4.7,0.0,0.404,0.08,overlay/tile_003456_002304.png
tile_003456_002304,1,"(350, 249)",438.9,0.32,5.5,0.03,0.306,0.0,overlay/tile_003456_002304.png
tile_003456_002880,0,"(539, 587)",71.1,2.04,4.3,0.0,0.266,0.081,overlay/tile_003456_002880.png
tile_003456_002880,1,"(302, 574)",85.2,4.25,3.7,0.0,0.189,0.074,overlay/tile_003456_002880.png
tile_003456_002880,2,"(211, 177)",363.6,1.26,5.4,0.002,0.207,0.078,overlay/tile_003456_002880.png
tile_003456_002880,3,"(550, 147)",143.7,1.73,4.3,0.0,0.22,0.076,overlay/tile_003456_002880.png
tile_003456_003456,0,"(174, 558)",62.3,3.6,3.9,0.0,0.246,0.039,overlay/tile_003456_003456.png
tile_003456_003456,1,"(585, 539)",75.4,10.8,2.0,0.0,0.0,0.118,overlay/tile_003456_003456.png
tile_003456_003456,2,"(380, 539)",123.3,2.8,3.9,0.0,0.127,0.076,overlay/tile_003456_003456.png
tile_003456_003456,3,"(303, 112)",465.8,2.05,4.4,0.0,0.333,0.012,overlay/tile_003456_003456.png
tile_003456_004032,0,"(219, 526)",94.2,6.18,3.2,0.0,0.109,0.22,overlay/tile_003456_004032.png
tile_003456_004032,1,"(404, 469)",75.7,3.38,4.0,0.0,0.174,0.188,overlay/tile_003456_004032.png
tile_003456_004032,2,"(415, 58)",130.3,1.02,5.8,0.009,0.445,0.095,overlay/tile_003456_004032.png
tile_003456_004032,3,"(105, 74)",121.5,1.89,4.6,0.0,0.411,0.145,overlay/tile_003456_004032.png
tile_003456_004608,0,"(498, 365)",128.3,5.73,3.0,0.0,0.004,0.023,overlay/tile_003456_004608.png
tile_003456_004608,1,"(286, 397)",190.1,0.95,5.0,0.005,0.019,0.012,overlay/tile_003456_004608.png
tile_003456_004608,2,"(77, 52)",61.6,1.48,5.1,0.0,0.072,0.003,overlay/tile_003456_004608.png
tile_003456_005760,0,"(594, 588)",34.6,999.0,1.0,0.0,0.0,0.0,overlay/tile_003456_005760.png
tile_003456_005760,1,"(108, 575)",102.8,999.0,1.0,0.0,0.0,0.0,overlay/tile_003456_005760.png
tile_003456_005760,2,"(615, 401)",29.4,999.0,1.0,0.0,0.0,0.0,overlay/tile_003456_005760.png
tile_003456_005760,3,"(61, 325)",103.2,999.0,1.0,0.0,0.0,0.0,overlay/tile_003456_005760.png
tile_003456_005760,4,"(597, 102)",55.3,999.0,1.0,0.0,0.0,0.0,overlay/tile_003456_005760.png
tile_003456_005760,5,"(448, 45)",42.8,999.0,1.0,0.0,0.0,0.0,overlay/tile_003456_005760.png
tile_003456_005760,6,"(184, 90)",148.9,999.0,1.0,0.0,0.0,0.0,overlay/tile_003456_005760.png
tile_003456_006336,0,"(99, 580)",83.0,19.63,1.3,0.0,0.0,0.005,overlay/tile_003456_006336.png
tile_003456_006336,1,"(137, 381)",188.2,6.25,2.9,0.0,0.01,0.0,overlay/tile_003456_006336.png
tile_003456_006336,2,"(116, 88)",155.8,8.47,2.4,0.0,0.009,0.003,overlay/tile_003456_006336.png
tile_003456_006912,0,"(264, 313)",350.4,15.91,1.6,0.0,0.0,0.012,overlay/tile_003456_006912.png
tile_003456_006912,1,"(615, 120)",18.1,20.22,1.2,0.0,0.0,0.003,overlay/tile_003456_006912.png
tile_003456_006912,2,"(266, 33)",59.3,32.47,1.0,0.0,0.0,0.0,overlay/tile_003456_006912.png
tile_003456_007488,0,"(583, 226)",105.4,0.48,5.2,0.055,0.01,0.0,overlay/tile_003456_007488.png
tile_003456_007488,1,"(163, 259)",392.8,2.69,3.7,0.0,0.007,0.016,overlay/tile_003456_007488.png
tile_003456_008064,0,"(609, 599)",16.7,15.4,1.6,0.0,0.0,0.003,overlay/tile_003456_008064.png
tile_003456_008064,1,"(343, 587)",135.1,7.56,2.6,0.0,0.006,0.002,overlay/tile_003456_008064.png
tile_003456_008064,2,"(553, 182)",134.4,3.42,3.6,0.0,0.012,0.0,overlay/tile_003456_008064.png
tile_003456_008064,3,"(209, 226)",369.1,1.34,5.0,0.001,0.007,0.0,overlay/tile_003456_008064.png
tile_003456_008640,0,"(343, 575)",279.1,999.0,1.0,0.0,0.0,0.0,overlay/tile_003456_008640.png
tile_003456_008640,1,"(133, 166)",208.3,999.0,1.0,0.0,0.0,0.0,overlay/tile_003456_008640.png
tile_003456_008640,2,"(478, 120)",263.3,999.0,1.0,0.0,0.0,0.0,overlay/tile_003456_008640.png
tile_003456_009216,0,"(213, 551)",256.7,10.23,2.0,0.0,0.0,0.017,overlay/tile_003456_009216.png
tile_003456_009216,1,"(549, 526)",145.9,0.84,5.1,0.023,0.015,0.008,overlay/tile_003456_009216.png
tile_003456_009216,2,"(428, 89)",244.2,0.38,5.1,0.033,0.024,0.001,overlay/tile_003456_009216.png
tile_003456_009216,3,"(105, 106)",165.4,2.48,3.8,0.0,0.012,0.01,overlay/tile_003456_009216.png
tile_003456_009792,0,"(179, 498)",312.3,0.0,5.4,0.153,0.032,0.012,overlay/tile_003456_009792.png
tile_003456_009792,1,"(528, 463)",183.2,5.22,3.2,0.0,0.022,0.037,overlay/tile_003456_009792.png
tile_003456_009792,2,"(248, 87)",138.8,0.0,5.3,0.09,0.016,0.03,overlay/tile_003456_009792.png
tile_003456_009792,3,"(25, 77)",28.7,2.41,3.9,0.0,0.024,0.029,overlay/tile_003456_009792.png
tile_003456_010368,0,"(167, 443)",287.2,0.42,5.4,0.04,0.154,0.025,overlay/tile_003456_010368.png
tile_003456_010368,1,"(596, 152)",68.8,9.06,2.3,0.0,0.006,0.1,overlay/tile_003456_010368.png
tile_003456_010368,2,"(175, 77)",121.6,0.61,5.3,0.028,0.05,0.067,overlay/tile_003456_010368.png
tile_003456_010944,0,"(120, 284)",390.9,3.01,3.7,0.0,0.059,0.018,overlay/tile_003456_010944.png
tile_003456_011520,0,"(595, 472)",19.4,0.0,5.8,0.091,0.307,0.114,overlay/tile_003456_011520.png
tile_003456_011520,1,"(193, 269)",212.1,2.97,4.0,0.0,0.072,0.286,overlay/tile_003456_011520.png
tile_003456_011520,2,"(439, 219)",182.5,1.4,5.3,0.001,0.064,0.259,overlay/tile_003456_011520.png
tile_003456_011520,3,"(607, 166)",57.3,6.98,2.9,0.0,0.036,0.181,overlay/tile_003456_011520.png
tile_003456_012096,0,"(449, 165)",368.6,7.98,2.8,0.0,0.018,0.367,overlay/tile_003456_012096.png
tile_003456_012096,1,"(102, 144)",210.2,14.1,2.0,0.0,0.0,0.229,overlay/tile_003456_012096.png
tile_003456_012672,0,"(129, 376)",16.6,0.64,5.7,0.032,0.263,0.238,overlay/tile_003456_012672.png
tile_003456_012672,1,"(419, 158)",333.8,5.14,3.7,0.0,0.016,0.658,overlay/tile_003456_012672.png
tile_003456_012672,2,"(59, 165)",136.5,7.02,3.1,0.0,0.055,0.325,overlay/tile_003456_012672.png
tile_003456_013248,0,"(244, 131)",363.2,4.38,3.9,0.0,0.227,0.33,overlay/tile_003456_013248.png
tile_003456_013824,0,"(531, 584)",87.0,8.66,2.4,0.0,0.013,0.068,overlay/tile_003456_013824.png
tile_003456_013824,1,"(521, 231)",251.6,2.16,4.0,0.0,0.057,0.096,overlay/tile_003456_013824.png
tile_003456_014400,0,"(228, 600)",57.0,9.08,2.3,0.0,0.005,0.041,overlay/tile_003456_014400.png
tile_003456_014400,1,"(28, 583)",22.5,21.04,1.2,0.0,0.0,0.033,overlay/tile_003456_014400.png
tile_003456_014400,2,"(493, 216)",150.6,0.06,5.4,0.112,0.104,0.002,overlay/tile_003456_014400.png
tile_003456_014400,3,"(237, 210)",197.3,0.96,5.1,0.014,0.038,0.061,overlay/tile_003456_014400.png
tile_003456_014976,0,"(535, 603)",29.3,0.63,5.5,0.067,0.197,0.016,overlay/tile_003456_014976.png
tile_003456_014976,1,"(17, 230)",17.6,0.0,6.0,0.32,0.088,0.03,overlay/tile_003456_014976.png
tile_003456_014976,2,"(503, 264)",168.7,0.84,5.3,0.026,0.097,0.057,overlay/tile_003456_014976.png
tile_003456_014976,3,"(212, 232)",182.9,0.84,5.2,0.015,0.076,0.075,overlay/tile_003456_014976.png
tile_003456_015552,0,"(263, 621)",17.7,0.0,5.5,0.188,0.003,0.007,overlay/tile_003456_015552.png
tile_003456_015552,1,"(160, 259)",176.0,5.66,3.0,0.0,0.011,0.008,overlay/tile_003456_015552.png
tile_003456_015552,2,"(448, 202)",271.5,11.03,1.9,0.0,0.0,0.023,overlay/tile_003456_015552.png
tile_003456_016128,0,"(454, 580)",106.6,3.68,3.5,0.0,0.035,0.01,overlay/tile_003456_016128.png
tile_003456_016128,1,"(576, 387)",108.9,4.16,3.4,0.0,0.025,0.012,overlay/tile_003456_016128.png
tile_003456_016704,0,"(81, 391)",141.0,15.96,1.6,0.0,0.0,0.05,overlay/tile_003456_016704.png
tile_003456_016704,1,"(563, 79)",86.3,0.78,5.5,0.111,0.167,0.0,overlay/tile_003456_016704.png
tile_004032_000576,0,"(149, 548)",63.8,999.0,1.0,0.0,0.0,0.0,overlay/tile_004032_000576.png
tile_004032_000576,1,"(465, 544)",225.8,999.0,1.0,0.0,0.0,0.0,overlay/tile_004032_000576.png
tile_004032_000576,2,"(513, 241)",50.4,999.0,1.0,0.0,0.0,0.0,overlay/tile_004032_000576.png
tile_004032_000576,3,"(127, 223)",95.2,999.0,1.0,0.0,0.0,0.0,overlay/tile_004032_000576.png
tile_004032_001152,0,"(343, 555)",113.0,27.45,1.0,0.0,0.0,0.003,overlay/tile_004032_001152.png
tile_004032_001152,1,"(89, 552)",115.4,24.91,1.0,0.0,0.0,0.003,overlay/tile_004032_001152.png
tile_004032_001728,0,"(359, 316)",578.6,999.0,1.0,0.0,0.0,0.0,overlay/tile_004032_001728.png
tile_004032_002304,0,"(288, 603)",33.9,9.76,2.1,0.0,0.0,0.031,overlay/tile_004032_002304.png
tile_004032_002304,1,"(258, 424)",107.4,3.6,3.6,0.0,0.049,0.0,overlay/tile_004032_002304.png
tile_004032_002304,2,"(149, 214)",48.7,2.9,3.8,0.0,0.059,0.001,overlay/tile_004032_002304.png
tile_004032_002304,3,"(400, 100)",186.8,12.11,1.9,0.0,0.0,0.038,overlay/tile_004032_002304.png
tile_004032_002880,0,"(507, 559)",140.6,1.46,5.0,0.0,0.008,0.0,overlay/tile_004032_002880.png
tile_004032_002880,1,"(78, 111)",65.4,25.16,1.0,0.0,0.0,0.002,overlay/tile_004032_002880.png
tile_004032_002880,2,"(539, 64)",88.1,17.82,1.4,0.0,0.0,0.002,overlay/tile_004032_002880.png
tile_004032_002880,3,"(302, 74)",91.5,17.68,1.4,0.0,0.0,0.002,overlay/tile_004032_002880.png
tile_004032_003456,0,"(597, 561)",45.8,0.84,5.1,0.028,0.008,0.0,overlay/tile_004032_003456.png
tile_004032_003456,1,"(33, 541)",31.9,25.79,1.0,0.0,0.0,0.002,overlay/tile_004032_003456.png
tile_004032_003456,2,"(593, 24)",16.4,30.99,1.0,0.0,0.0,0.0,overlay/tile_004032_003456.png
tile_004032_003456,3,"(377, 46)",54.0,29.38,1.0,0.0,0.0,0.0,overlay/tile_004032_003456.png
tile_004032_003456,4,"(177, 54)",43.6,32.65,1.0,0.0,0.0,0.0,overlay/tile_004032_003456.png
tile_004032_004032,0,"(408, 596)",101.7,8.82,2.3,0.0,0.009,0.041,overlay/tile_004032_004032.png
tile_004032_004032,1,"(58, 562)",66.2,8.55,2.4,0.0,0.012,0.034,overlay/tile_004032_004032.png
tile_004032_004032,2,"(463, 331)",17.6,7.64,2.6,0.0,0.013,0.032,overlay/tile_004032_004032.png
tile_004032_004032,3,"(223, 21)",21.7,1.1,5.2,0.016,0.103,0.011,overlay/tile_004032_004032.png
tile_004032_004608,0,"(526, 543)",94.2,2.77,3.7,0.0,0.026,0.0,overlay/tile_004032_004608.png
tile_004032_005184,0,"(94, 426)",147.6,23.44,1.0,0.0,0.0,0.003,overlay/tile_004032_005184.png
tile_004032_005184,1,"(602, 377)",66.5,6.19,2.9,0.0,0.008,0.0,overlay/tile_004032_005184.png
tile_004032_005184,2,"(595, 81)",50.8,0.36,5.2,0.072,0.003,0.0,overlay/tile_004032_005184.png
tile_004032_005184,3,"(54, 18)",16.0,24.02,1.0,0.0,0.0,0.003,overlay/tile_004032_005184.png
tile_004032_005760,0,"(221, 367)",16.0,10.81,1.9,0.0,0.0,0.004,overlay/tile_004032_005760.png
tile_004032_005760,1,"(577, 426)",120.9,3.5,3.5,0.0,0.011,0.0,overlay/tile_004032_005760.png
tile_004032_005760,2,"(217, 439)",370.9,0.38,5.0,0.009,0.004,0.0,overlay/tile_004032_005760.png
tile_004032_005760,3,"(598, 86)",53.0,8.76,2.3,0.0,0.006,0.003,overlay/tile_004032_005760.png
tile_004032_005760,4,"(118, 87)",143.6,10.12,2.0,0.0,0.0,0.004,overlay/tile_004032_005760.png
tile_004032_006336,0,"(198, 399)",356.6,0.91,5.0,0.005,0.006,0.0,overlay/tile_004032_006336.png
tile_004032_006336,1,"(84, 90)",117.1,0.66,5.1,0.034,0.001,0.003,overlay/tile_004032_006336.png
tile_004032_006912,0,"(403, 581)",114.7,999.0,1.0,0.0,0.0,0.0,overlay/tile_004032_006912.png
tile_004032_006912,1,"(334, 224)",349.5,999.0,1.0,0.0,0.0,0.0,overlay/tile_004032_006912.png
tile_004032_007488,0,"(481, 565)",79.1,1.53,4.6,0.0,0.371,0.045,overlay/tile_004032_007488.png
tile_004032_007488,1,"(386, 188)",405.7,0.22,5.5,0.02,0.29,0.0,overlay/tile_004032_007488.png
tile_004032_008064,0,"(194, 564)",70.2,6.91,2.8,0.0,0.021,0.08,overlay/tile_004032_008064.png
tile_004032_008064,1,"(606, 556)",35.7,3.29,3.8,0.0,0.144,0.048,overlay/tile_004032_008064.png
tile_004032_008064,2,"(424, 544)",128.7,5.65,3.2,0.0,0.098,0.05,overlay/tile_004032_008064.png
tile_004032_008064,3,"(316, 131)",525.7,0.55,5.4,0.018,0.215,0.005,overlay/tile_004032_008064.png
tile_004032_008640,0,"(83, 524)",47.3,2.77,4.1,0.0,0.171,0.168,overlay/tile_004032_008640.png
tile_004032_008640,1,"(321, 530)",81.2,4.2,3.8,0.0,0.185,0.147,overlay/tile_004032_008640.png
tile_004032_008640,2,"(531, 498)",159.0,2.34,4.3,0.0,0.245,0.147,overlay/tile_004032_008640.png
tile_004032_008640,3,"(315, 86)",390.6,1.41,5.9,0.001,0.549,0.034,overlay/tile_004032_008640.png
tile_004032_009216,0,"(589, 477)",48.7,7.54,2.7,0.0,0.013,0.128,overlay/tile_004032_009216.png
tile_004032_009216,1,"(182, 490)",108.0,6.67,2.9,0.0,0.04,0.127,overlay/tile_004032_009216.png
tile_004032_009216,2,"(395, 472)",117.3,1.75,4.2,0.0,0.121,0.082,overlay/tile_004032_009216.png
tile_004032_009216,3,"(546, 29)",37.8,3.39,4.1,0.0,0.317,0.065,overlay/tile_004032_009216.png
tile_004032_009216,4,"(165, 62)",164.0,0.0,5.6,0.031,0.305,0.016,overlay/tile_004032_009216.png
tile_004032_009792,0,"(495, 334)",218.7,0.6,5.3,0.023,0.059,0.138,overlay/tile_004032_009792.png
tile_004032_010368,0,"(412, 341)",112.4,0.97,5.2,0.02,0.093,0.033,overlay/tile_004032_010368.png
tile_004032_010368,1,"(129, 313)",136.9,5.1,3.3,0.0,0.066,0.067,overlay/tile_004032_010368.png
tile_004032_010368,2,"(585, 168)",66.1,0.0,5.5,0.139,0.105,0.05,overlay/tile_004032_010368.png
tile_004032_010944,0,"(202, 427)",149.4,16.35,1.5,0.0,0.0,0.021,overlay/tile_004032_010944.png
tile_004032_010944,1,"(150, 163)",187.4,1.18,5.0,0.002,0.029,0.0,overlay/tile_004032_010944.png
tile_004032_011520,0,"(553, 530)",65.1,14.29,1.8,0.0,0.0,0.124,overlay/tile_004032_011520.png
tile_004032_011520,1,"(621, 317)",14.8,7.62,2.7,0.0,0.036,0.138,overlay/tile_004032_011520.png
tile_004032_012096,0,"(277, 368)",606.9,4.25,3.8,0.0,0.098,0.45,overlay/tile_004032_012096.png
tile_004032_013824,0,"(494, 598)",21.8,12.37,1.9,0.0,0.0,0.119,overlay/tile_004032_013824.png
tile_004032_013824,1,"(516, 115)",164.4,1.6,4.3,0.0,0.079,0.102,overlay/tile_004032_013824.png
tile_004032_014400,0,"(361, 362)",389.6,3.55,3.6,0.0,0.042,0.0,overlay/tile_004032_014400.png
tile_004032_014400,1,"(227, 146)",214.3,0.18,5.2,0.043,0.047,0.0,overlay/tile_004032_014400.png
tile_004032_014976,0,"(373, 515)",241.6,1.61,4.0,0.0,0.027,0.035,overlay/tile_004032_014976.png
tile_004032_014976,1,"(622, 242)",14.1,1.62,4.0,0.0,0.031,0.029,overlay/tile_004032_014976.png
tile_004032_014976,2,"(184, 178)",220.2,0.51,5.1,0.012,0.055,0.011,overlay/tile_004032_014976.png
tile_004032_014976,3,"(462, 185)",240.5,0.67,5.1,0.015,0.064,0.003,overlay/tile_004032_014976.png
tile_004032_015552,0,"(491, 610)",19.9,6.32,3.0,0.0,0.068,0.013,overlay/tile_004032_015552.png
tile_004032_015552,1,"(197, 164)",207.4,0.44,5.1,0.027,0.037,0.033,overlay/tile_004032_015552.png
tile_004032_016128,0,"(217, 559)",133.9,3.1,3.9,0.0,0.119,0.089,overlay/tile_004032_016128.png
tile_004032_016128,1,"(282, 291)",169.5,1.39,5.2,0.0,0.127,0.063,overlay/tile_004032_016128.png
tile_004032_016128,2,"(477, 73)",136.1,3.68,3.6,0.0,0.041,0.124,overlay/tile_004032_016128.png
tile_004032_016704,0,"(451, 525)",105.4,19.03,1.3,0.0,0.0,0.013,overlay/tile_004032_016704.png
tile_004032_016704,1,"(24, 89)",24.0,5.88,3.0,0.0,0.015,0.01,overlay/tile_004032_016704.png
tile_004608_000576,0,"(346, 587)",81.8,8.26,2.4,0.0,0.018,0.015,overlay/tile_004608_000576.png
tile_004608_000576,1,"(327, 354)",134.0,9.24,2.2,0.0,0.002,0.034,overlay/tile_004608_000576.png
tile_004608_000576,2,"(609, 63)",27.8,1.98,4.0,0.0,0.059,0.011,overlay/tile_004608_000576.png
tile_004608_000576,3,"(289, 64)",189.5,5.48,3.1,0.0,0.004,0.016,overlay/tile_004608_000576.png
tile_004608_001152,0,"(300, 438)",319.4,1.98,4.0,0.0,0.074,0.001,overlay/tile_004608_001152.png
tile_004608_001152,1,"(355, 92)",125.4,11.35,2.1,0.0,0.0,0.059,overlay/tile_004608_001152.png
tile_004608_001152,2,"(96, 62)",87.8,6.01,3.0,0.0,0.042,0.044,overlay/tile_004608_001152.png
tile_004608_001728,0,"(447, 392)",419.5,999.0,1.0,0.0,0.0,0.0,overlay/tile_004608_001728.png
tile_004608_001728,1,"(355, 40)",60.0,999.0,1.0,0.0,0.0,0.0,overlay/tile_004608_001728.png
tile_004608_002304,0,"(317, 417)",148.4,1.25,5.2,0.002,0.107,0.069,overlay/tile_004608_002304.png
tile_004608_002304,1,"(284, 124)",123.3,2.3,3.9,0.0,0.005,0.136,overlay/tile_004608_002304.png
tile_004608_002880,0,"(258, 585)",57.0,0.0,5.8,0.184,0.248,0.006,overlay/tile_004608_002880.png
tile_004608_002880,1,"(530, 296)",205.5,4.35,3.5,0.0,0.012,0.148,overlay/tile_004608_002880.png
tile_004608_002880,2,"(499, 35)",60.0,25.85,1.0,0.0,0.0,0.008,overlay/tile_004608_002880.png
tile_004608_003456,0,"(70, 619)",18.9,1.57,4.5,0.0,0.318,0.0,overlay/tile_004608_003456.png
tile_004608_003456,1,"(584, 560)",53.3,15.09,1.7,0.0,0.0,0.059,overlay/tile_004608_003456.png
tile_004608_003456,2,"(579, 325)",84.3,10.98,2.0,0.0,0.0,0.058,overlay/tile_004608_003456.png
tile_004608_003456,3,"(39, 305)",72.6,4.44,3.4,0.0,0.066,0.039,overlay/tile_004608_003456.png
tile_004608_003456,4,"(601, 95)",54.5,0.6,5.2,0.06,0.011,0.021,overlay/tile_004608_003456.png
tile_004608_005760,0,"(468, 528)",247.0,1.71,4.0,0.0,0.008,0.014,overlay/tile_004608_005760.png
tile_004608_005760,1,"(173, 323)",408.0,4.64,3.3,0.0,0.021,0.009,overlay/tile_004608_005760.png
tile_004608_006336,0,"(391, 545)",134.1,23.73,1.0,0.0,0.0,0.002,overlay/tile_004608_006336.png
tile_004608_006336,1,"(117, 540)",149.9,19.08,1.3,0.0,0.0,0.002,overlay/tile_004608_006336.png
tile_004608_006912,0,"(456, 537)",161.8,999.0,1.0,0.0,0.0,0.0,overlay/tile_004608_006912.png
tile_004608_006912,1,"(58, 303)",33.5,999.0,1.0,0.0,0.0,0.0,overlay/tile_004608_006912.png
tile_004608_006912,2,"(418, 190)",371.1,999.0,1.0,0.0,0.0,0.0,overlay/tile_004608_006912.png
tile_004608_006912,3,"(16, 95)",19.3,999.0,1.0,0.0,0.0,0.0,overlay/tile_004608_006912.png
tile_004608_007488,0,"(365, 459)",190.4,3.24,3.6,0.0,0.018,0.0,overlay/tile_004608_007488.png
tile_004608_007488,1,"(417, 166)",17.7,14.09,1.7,0.0,0.0,0.012,overlay/tile_004608_007488.png
tile_004608_007488,2,"(233, 173)",56.7,3.16,3.6,0.0,0.021,0.0,overlay/tile_004608_007488.png
tile_004608_007488,3,"(475, 69)",88.2,16.23,1.5,0.0,0.0,0.012,overlay/tile_004608_007488.png
tile_004608_008064,0,"(560, 554)",95.0,0.98,5.0,0.009,0.015,0.0,overlay/tile_004608_008064.png
tile_004608_008064,1,"(609, 44)",19.4,18.18,1.4,0.0,0.0,0.005,overlay/tile_004608_008064.png
tile_004608_008064,2,"(415, 59)",66.0,18.01,1.4,0.0,0.0,0.004,overlay/tile_004608_008064.png
tile_004608_008064,3,"(194, 65)",76.8,24.65,1.0,0.0,0.0,0.004,overlay/tile_004608_008064.png
tile_004608_008064,4,"(39, 62)",36.4,34.47,1.0,0.0,0.0,0.0,overlay/tile_004608_008064.png
tile_004608_008640,0,"(93, 539)",118.5,1.98,3.9,0.0,0.005,0.0,overlay/tile_004608_008640.png
tile_004608_008640,1,"(517, 27)",25.1,33.99,1.0,0.0,0.0,0.0,overlay/tile_004608_008640.png
tile_004608_008640,2,"(338, 30)",24.4,26.66,1.0,0.0,0.0,0.002,overlay/tile_004608_008640.png
tile_004608_009216,0,"(527, 581)",92.9,0.66,5.2,0.045,0.033,0.031,overlay/tile_004608_009216.png
tile_004608_009216,1,"(209, 547)",102.9,2.31,3.9,0.0,0.026,0.034,overlay/tile_004608_009216.png
tile_004608_009792,0,"(91, 582)",76.8,1.72,4.0,0.0,0.02,0.019,overlay/tile_004608_009792.png
tile_004608_009792,1,"(397, 439)",177.7,2.39,3.8,0.0,0.037,0.0,overlay/tile_004608_009792.png
tile_004608_009792,2,"(72, 295)",18.7,8.97,2.3,0.0,0.006,0.012,overlay/tile_004608_009792.png
tile_004608_010368,0,"(171, 523)",130.7,1.38,5.1,0.001,0.057,0.023,overlay/tile_004608_010368.png
tile_004608_010368,1,"(498, 459)",171.8,2.01,4.0,0.0,0.051,0.024,overlay/tile_004608_010368.png
tile_004608_010944,0,"(179, 489)",260.2,1.32,5.3,0.001,0.159,0.041,overlay/tile_004608_010944.png
tile_004608_012096,0,"(22, 200)",16.5,0.59,6.2,0.096,0.408,0.335,overlay/tile_004608_012096.png
tile_004608_013248,0,"(134, 560)",66.4,4.68,4.5,0.0,0.26,0.753,overlay/tile_004608_013248.png
tile_004608_013824,0,"(391, 590)",93.8,1.56,4.5,0.0,0.165,0.182,overlay/tile_004608_013824.png
tile_004608_013824,1,"(285, 178)",142.4,0.54,5.7,0.067,0.247,0.161,overlay/tile_004608_013824.png
tile_004608_013824,2,"(558, 194)",183.8,15.86,1.8,0.0,0.0,0.315,overlay/tile_004608_013824.png
tile_004608_014400,0,"(614, 581)",18.9,4.41,3.4,0.0,0.043,0.026,overlay/tile_004608_014400.png
tile_004608_014400,1,"(333, 590)",158.1,2.72,3.8,0.0,0.064,0.043,overlay/tile_004608_014400.png
tile_004608_014400,2,"(517, 374)",15.7,1.15,5.1,0.008,0.061,0.036,overlay/tile_004608_014400.png
tile_004608_014400,3,"(365, 231)",161.9,2.16,4.0,0.0,0.081,0.01,overlay/tile_004608_014400.png
tile_004608_014400,4,"(81, 260)",171.0,0.68,5.2,0.037,0.083,0.027,overlay/tile_004608_014400.png
tile_004608_014976,0,"(257, 574)",213.9,1.6,4.1,0.0,0.083,0.001,overlay/tile_004608_014976.png
tile_004608_014976,1,"(613, 250)",25.5,8.94,2.3,0.0,0.005,0.006,overlay/tile_004608_014976.png
tile_004608_014976,2,"(209, 242)",164.7,1.44,5.1,0.0,0.05,0.004,overlay/tile_004608_014976.png
tile_004608_015552,0,"(147, 509)",133.7,0.25,5.2,0.028,0.07,0.032,overlay/tile_004608_015552.png
tile_004608_015552,1,"(107, 261)",143.9,7.64,2.9,0.0,0.013,0.058,overlay/tile_004608_015552.png
tile_004608_016128,0,"(258, 591)",79.3,2.55,4.1,0.0,0.158,0.066,overlay/tile_004608_016128.png
tile_004608_016128,1,"(532, 591)",60.7,5.99,3.2,0.0,0.077,0.117,overlay/tile_004608_016128.png
tile_004608_016128,2,"(584, 384)",62.2,5.95,3.2,0.0,0.09,0.095,overlay/tile_004608_016128.png
tile_004608_016128,3,"(237, 222)",148.2,0.89,5.3,0.018,0.122,0.097,overlay/tile_004608_016128.png
tile_004608_016704,0,"(242, 604)",38.6,1.92,4.0,0.0,0.05,0.022,overlay/tile_004608_016704.png
tile_004608_016704,1,"(25, 601)",14.9,3.04,3.7,0.0,0.05,0.022,overlay/tile_004608_016704.png
tile_004608_016704,2,"(529, 568)",112.6,2.9,3.7,0.0,0.031,0.028,overlay/tile_004608_016704.png
tile_004608_016704,3,"(32, 396)",40.9,2.76,3.8,0.0,0.047,0.025,overlay/tile_004608_016704.png
tile_004608_016704,4,"(342, 310)",22.3,4.09,3.5,0.0,0.05,0.017,overlay/tile_004608_016704.png
tile_004608_016704,5,"(104, 179)",86.8,0.7,5.1,0.013,0.031,0.03,overlay/tile_004608_016704.png
tile_004608_016704,6,"(600, 49)",29.4,6.49,3.0,0.0,0.074,0.017,overlay/tile_004608_016704.png
tile_005184_000576,0,"(404, 550)",156.7,999.0,1.0,0.0,0.0,0.0,overlay/tile_005184_000576.png
tile_005184_000576,1,"(321, 314)",150.8,999.0,1.0,0.0,0.0,0.0,overlay/tile_005184_000576.png
tile_005184_000576,2,"(311, 76)",144.5,999.0,1.0,0.0,0.0,0.0,overlay/tile_005184_000576.png
tile_005184_001152,0,"(401, 539)",174.8,12.36,1.9,0.0,0.0,0.031,overlay/tile_005184_001152.png
tile_005184_001152,1,"(342, 202)",351.4,6.33,2.9,0.0,0.033,0.008,overlay/tile_005184_001152.png
tile_005184_001728,0,"(469, 430)",267.1,999.0,1.0,0.0,0.0,0.0,overlay/tile_005184_001728.png
tile_005184_001728,1,"(465, 83)",154.6,999.0,1.0,0.0,0.0,0.0,overlay/tile_005184_001728.png
tile_005184_002304,0,"(583, 592)",39.2,1.23,5.7,0.006,0.177,0.504,overlay/tile_005184_002304.png
tile_005184_002304,1,"(323, 559)",71.7,1.47,6.1,0.0,0.47,0.34,overlay/tile_005184_002304.png
tile_005184_002304,2,"(502, 186)",48.8,0.22,6.9,0.217,0.826,0.179,overlay/tile_005184_002304.png
tile_005184_002880,0,"(35, 590)",24.8,1.02,5.4,0.023,0.102,0.247,overlay/tile_005184_002880.png
tile_005184_002880,1,"(269, 563)",129.4,1.87,4.3,0.0,0.055,0.255,overlay/tile_005184_002880.png
tile_005184_002880,2,"(502, 455)",139.0,1.2,5.6,0.001,0.063,0.282,overlay/tile_005184_002880.png
tile_005184_002880,3,"(531, 121)",139.6,0.25,5.5,0.072,0.07,0.245,overlay/tile_005184_002880.png
tile_005184_002880,4,"(254, 90)",100.9,0.18,6.4,0.266,0.427,0.061,overlay/tile_005184_002880.png
tile_005184_003456,0,"(72, 100)",80.2,11.03,2.1,0.0,0.0,0.185,overlay/tile_005184_003456.png
tile_005184_003456,1,"(597, 50)",31.5,26.04,1.0,0.0,0.0,0.035,overlay/tile_005184_003456.png
tile_005184_004032,0,"(308, 580)",36.9,5.29,3.6,0.0,0.141,0.259,overlay/tile_005184_004032.png
tile_005184_004032,1,"(276, 347)",155.3,3.36,4.1,0.0,0.199,0.342,overlay/tile_005184_004032.png
tile_005184_004032,2,"(103, 63)",85.7,5.5,3.5,0.0,0.088,0.264,overlay/tile_005184_004032.png
tile_005184_005184,0,"(159, 417)",100.3,5.3,3.1,0.0,0.005,0.0,overlay/tile_005184_005184.png
tile_005184_005184,1,"(100, 63)",87.3,24.94,1.0,0.0,0.0,0.002,overlay/tile_005184_005184.png
tile_005184_005760,0,"(296, 592)",120.1,16.83,1.5,0.0,0.0,0.016,overlay/tile_005184_005760.png
tile_005184_005760,1,"(338, 215)",546.5,1.66,4.0,0.0,0.022,0.0,overlay/tile_005184_005760.png
tile_005184_006336,0,"(333, 431)",364.8,2.95,3.8,0.0,0.075,0.013,overlay/tile_005184_006336.png
tile_005184_006336,1,"(397, 80)",117.2,11.47,2.0,0.0,0.0,0.058,overlay/tile_005184_006336.png
tile_005184_006336,2,"(134, 60)",89.7,1.7,4.1,0.0,0.06,0.043,overlay/tile_005184_006336.png
tile_005184_006912,0,"(500, 337)",465.9,999.0,1.0,0.0,0.0,0.0,overlay/tile_005184_006912.png
tile_005184_007488,0,"(62, 485)",141.3,15.72,1.6,0.0,0.0,0.061,overlay/tile_005184_007488.png
tile_005184_007488,1,"(420, 405)",171.4,0.57,5.2,0.027,0.081,0.0,overlay/tile_005184_007488.png
tile_005184_007488,2,"(407, 120)",144.6,14.22,1.7,0.0,0.0,0.068,overlay/tile_005184_007488.png
tile_005184_008064,0,"(384, 584)",60.1,0.3,5.6,0.113,0.197,0.05,overlay/tile_005184_008064.png
tile_005184_008064,1,"(595, 275)",88.6,19.49,1.4,0.0,0.0,0.107,overlay/tile_005184_008064.png
tile_005184_008064,2,"(486, 86)",16.1,25.2,1.0,0.0,0.0,0.034,overlay/tile_005184_008064.png
tile_005184_008064,3,"(588, 29)",22.8,31.61,1.0,0.0,0.0,0.0,overlay/tile_005184_008064.png
tile_005184_008640,0,"(99, 557)",15.1,0.12,5.3,0.086,0.054,0.054,overlay/tile_005184_008640.png
tile_005184_008640,1,"(105, 291)",231.2,4.16,3.5,0.0,0.051,0.06,overlay/tile_005184_008640.png
tile_005184_008640,2,"(101, 29)",41.4,25.63,1.0,0.0,0.0,0.039,overlay/tile_005184_008640.png
tile_005184_009216,0,"(216, 563)",144.6,4.02,3.8,0.0,0.146,0.264,overlay/tile_005184_009216.png
tile_005184_009216,1,"(210, 322)",171.8,3.96,3.9,0.0,0.155,0.329,overlay/tile_005184_009216.png
tile_005184_009216,2,"(522, 48)",76.0,2.46,4.3,0.0,0.243,0.227,overlay/tile_005184_009216.png
tile_005184_009216,3,"(217, 81)",87.4,5.6,3.5,0.0,0.054,0.263,overlay/tile_005184_009216.png
tile_005184_009792,0,"(495, 534)",103.3,0.36,6.6,0.189,0.503,0.465,overlay/tile_005184_009792.png
tile_005184_009792,1,"(179, 129)",14.2,1.88,4.7,0.0,0.27,0.518,overlay/tile_005184_009792.png
tile_005184_009792,2,"(89, 51)",64.6,4.76,4.1,0.0,0.275,0.556,overlay/tile_005184_009792.png
tile_005184_010368,0,"(220, 298)",147.9,1.74,4.1,0.0,0.096,0.026,overlay/tile_005184_010368.png
tile_005184_010368,1,"(494, 249)",154.7,2.17,4.0,0.0,0.069,0.062,overlay/tile_005184_010368.png
tile_005184_010944,0,"(312, 392)",162.0,5.15,3.2,0.0,0.046,0.05,overlay/tile_005184_010944.png
tile_005184_010944,1,"(17, 262)",16.8,1.77,4.2,0.0,0.152,0.017,overlay/tile_005184_010944.png
tile_005184_010944,2,"(284, 143)",197.9,0.18,5.3,0.068,0.071,0.018,overlay/tile_005184_010944.png
tile_005184_013248,0,"(172, 524)",17.1,15.33,1.9,0.0,0.0,0.257,overlay/tile_005184_013248.png
tile_005184_013248,1,"(152, 74)",89.3,1.68,4.5,0.0,0.197,0.21,overlay/tile_005184_013248.png
tile_005184_013824,0,"(422, 317)",585.8,2.64,4.8,0.0,0.418,0.527,overlay/tile_005184_013824.png
tile_005184_014400,0,"(336, 150)",486.5,7.19,2.7,0.0,0.005,0.0,overlay/tile_005184_014400.png
tile_005184_014976,0,"(586, 358)",49.9,0.0,5.5,0.143,0.093,0.02,overlay/tile_005184_014976.png
tile_005184_014976,1,"(247, 130)",414.3,3.03,3.7,0.0,0.022,0.095,overlay/tile_005184_014976.png
tile_005184_015552,0,"(37, 371)",40.0,0.78,5.2,0.019,0.013,0.027,overlay/tile_005184_015552.png
tile_005184_015552,1,"(224, 369)",133.8,1.4,5.1,0.001,0.038,0.097,overlay/tile_005184_015552.png
tile_005184_015552,2,"(217, 142)",131.4,1.92,4.0,0.0,0.031,0.089,overlay/tile_005184_015552.png
tile_005184_015552,3,"(79, 27)",20.6,0.84,5.2,0.029,0.013,0.073,overlay/tile_005184_015552.png
tile_005184_016128,0,"(351, 230)",20.2,1.02,5.4,0.032,0.119,0.126,overlay/tile_005184_016128.png
tile_005184_016128,1,"(537, 100)",145.5,3.24,3.8,0.0,0.067,0.171,overlay/tile_005184_016128.png
tile_005184_016128,2,"(257, 67)",111.5,2.46,4.4,0.0,0.368,0.031,overlay/tile_005184_016128.png
tile_005184_016704,0,"(545, 448)",28.2,2.16,4.0,0.0,0.075,0.098,overlay/tile_005184_016704.png
tile_005184_016704,1,"(544, 65)",94.1,2.68,3.9,0.0,0.022,0.055,overlay/tile_005184_016704.png
tile_005184_016704,2,"(248, 87)",96.9,1.2,5.2,0.003,0.068,0.104,overlay/tile_005184_016704.png
tile_005184_016704,3,"(26, 100)",40.1,5.34,3.3,0.0,0.073,0.104,overlay/tile_005184_016704.png
tile_005760_000576,0,"(462, 526)",190.0,999.0,1.0,0.0,0.0,0.0,overlay/tile_005760_000576.png
tile_005760_000576,1,"(368, 40)",86.9,999.0,1.0,0.0,0.0,0.0,overlay/tile_005760_000576.png
tile_005760_000576,2,"(242, 235)",405.6,999.0,1.0,0.0,0.0,0.0,overlay/tile_005760_000576.png
tile_005760_001152,0,"(470, 487)",127.9,999.0,1.0,0.0,0.0,0.0,overlay/tile_005760_001152.png
tile_005760_001152,1,"(442, 154)",213.5,999.0,1.0,0.0,0.0,0.0,overlay/tile_005760_001152.png
tile_005760_001728,0,"(550, 530)",122.9,999.0,1.0,0.0,0.0,0.0,overlay/tile_005760_001728.png
tile_005760_001728,1,"(526, 153)",195.5,999.0,1.0,0.0,0.0,0.0,overlay/tile_005760_001728.png
tile_005760_002304,0,"(521, 539)",130.0,15.61,1.6,0.0,0.0,0.029,overlay/tile_005760_002304.png
tile_005760_002304,1,"(73, 516)",101.9,13.81,1.7,0.0,0.0,0.029,overlay/tile_005760_002304.png
tile_005760_002304,2,"(55, 168)",82.8,4.96,3.2,0.0,0.022,0.024,overlay/tile_005760_002304.png
tile_005760_002304,3,"(559, 51)",53.9,0.0,5.7,0.223,0.074,0.007,overlay/tile_005760_002304.png
tile_005760_002304,4,"(339, 61)",60.0,0.89,5.2,0.017,0.082,0.0,overlay/tile_005760_002304.png
tile_005760_002880,0,"(22, 540)",29.6,4.07,3.5,0.0,0.024,0.034,overlay/tile_005760_002880.png
tile_005760_002880,1,"(552, 504)",134.5,0.63,5.1,0.041,0.01,0.03,overlay/tile_005760_002880.png
tile_005760_002880,2,"(511, 19)",19.2,18.24,1.4,0.0,0.0,0.037,overlay/tile_005760_002880.png
tile_005760_002880,3,"(262, 33)",55.7,2.52,3.9,0.0,0.073,0.011,overlay/tile_005760_002880.png
tile_005760_002880,4,"(36, 46)",24.0,0.17,5.9,0.272,0.121,0.009,overlay/tile_005760_002880.png
tile_005760_003456,0,"(303, 606)",15.2,9.93,2.1,0.0,0.0,0.04,overlay/tile_005760_003456.png
tile_005760_003456,1,"(446, 562)",71.7,10.08,2.2,0.0,0.0,0.05,overlay/tile_005760_003456.png
tile_005760_003456,2,"(616, 516)",22.2,20.87,1.3,0.0,0.0,0.044,overlay/tile_005760_003456.png
tile_005760_004032,0,"(115, 528)",103.0,0.0,6.9,0.205,0.633,0.41,overlay/tile_005760_004032.png
tile_005760_004032,1,"(307, 22)",18.8,6.24,3.4,0.0,0.02,0.523,overlay/tile_005760_004032.png
tile_005760_004608,0,"(257, 295)",286.8,2.34,3.8,0.0,0.013,0.027,overlay/tile_005760_004608.png
tile_005760_004608,1,"(191, 38)",42.6,5.28,3.2,0.0,0.025,0.003,overlay/tile_005760_004608.png
tile_005760_005184,0,"(297, 570)",111.6,9.12,2.2,0.0,0.003,0.001,overlay/tile_005760_005184.png
tile_005760_005760,0,"(455, 565)",133.6,999.0,1.0,0.0,0.0,0.0,overlay/tile_005760_005760.png
tile_005760_005760,1,"(47, 387)",54.1,999.0,1.0,0.0,0.0,0.0,overlay/tile_005760_005760.png
tile_005760_005760,2,"(428, 324)",301.1,999.0,1.0,0.0,0.0,0.0,overlay/tile_005760_005760.png
tile_005760_005760,3,"(348, 86)",169.8,999.0,1.0,0.0,0.0,0.0,overlay/tile_005760_005760.png
tile_005760_006336,0,"(434, 554)",178.4,10.4,2.1,0.0,0.0,0.036,overlay/tile_005760_006336.png
tile_005760_006336,1,"(399, 223)",389.6,6.48,2.9,0.0,0.039,0.031,overlay/tile_005760_006336.png
tile_005760_006912,0,"(541, 428)",249.7,0.0,5.2,0.069,0.006,0.005,overlay/tile_005760_006912.png
tile_005760_006912,1,"(530, 90)",142.1,16.34,1.5,0.0,0.0,0.013,overlay/tile_005760_006912.png
tile_005760_007488,0,"(418, 557)",74.4,0.18,6.7,0.196,0.667,0.219,overlay/tile_005760_007488.png
tile_005760_007488,1,"(50, 552)",66.1,6.09,3.6,0.0,0.173,0.361,overlay/tile_005760_007488.png
tile_005760_007488,2,"(574, 178)",42.9,0.48,6.8,0.176,0.813,0.228,overlay/tile_005760_007488.png
tile_005760_007488,3,"(56, 93)",69.6,11.64,2.3,0.0,0.0,0.426,overlay/tile_005760_007488.png
tile_005760_008064,0,"(124, 604)",32.5,0.18,5.9,0.199,0.094,0.287,overlay/tile_005760_008064.png
tile_005760_008064,1,"(399, 577)",112.0,0.86,5.5,0.03,0.073,0.315,overlay/tile_005760_008064.png
tile_005760_008064,2,"(613, 574)",25.6,9.18,2.5,0.0,0.003,0.199,overlay/tile_005760_008064.png
tile_005760_008064,3,"(582, 366)",38.2,0.97,5.4,0.011,0.057,0.305,overlay/tile_005760_008064.png
tile_005760_008064,4,"(68, 184)",42.7,0.66,6.5,0.102,0.815,0.077,overlay/tile_005760_008064.png
tile_005760_008064,5,"(614, 147)",38.2,1.14,5.4,0.008,0.078,0.291,overlay/tile_005760_008064.png
tile_005760_008064,6,"(379, 91)",105.5,0.0,6.4,0.243,0.434,0.162,overlay/tile_005760_008064.png
tile_005760_008640,0,"(76, 488)",130.1,2.52,4.1,0.0,0.201,0.114,overlay/tile_005760_008640.png
tile_005760_008640,1,"(138, 116)",189.9,2.01,4.0,0.0,0.014,0.199,overlay/tile_005760_008640.png
tile_005760_009216,0,"(482, 591)",46.6,4.73,3.3,0.0,0.015,0.036,overlay/tile_005760_009216.png
tile_005760_009216,1,"(449, 361)",175.1,3.32,3.7,0.0,0.044,0.028,overlay/tile_005760_009216.png
tile_005760_009216,2,"(247, 56)",120.0,9.54,2.1,0.0,0.003,0.049,overlay/tile_005760_009216.png
tile_005760_009792,0,"(559, 342)",129.4,1.84,4.8,0.0,0.32,0.413,overlay/tile_005760_009792.png
tile_005760_010368,0,"(477, 562)",74.2,3.96,3.5,0.0,0.019,0.062,overlay/tile_005760_010368.png
tile_005760_010368,1,"(275, 563)",102.1,1.19,5.3,0.006,0.149,0.014,overlay/tile_005760_010368.png
tile_005760_010368,2,"(408, 407)",21.9,3.06,3.7,0.0,0.012,0.075,overlay/tile_005760_010368.png
tile_005760_010944,0,"(432, 587)",59.7,2.23,4.0,0.0,0.111,0.003,overlay/tile_005760_010944.png
tile_005760_010944,1,"(128, 547)",117.7,0.54,5.3,0.07,0.111,0.007,overlay/tile_005760_010944.png
tile_005760_010944,2,"(582, 410)",24.5,9.72,2.1,0.0,0.0,0.041,overlay/tile_005760_010944.png
tile_005760_010944,3,"(392, 342)",143.9,1.05,5.1,0.006,0.049,0.014,overlay/tile_005760_010944.png
tile_005760_012096,0,"(225, 460)",185.9,999.0,1.0,0.0,0.0,0.0,overlay/tile_005760_012096.png
tile_005760_012096,1,"(572, 471)",168.4,999.0,1.0,0.0,0.0,0.0,overlay/tile_005760_012096.png
tile_005760_012672,0,"(324, 428)",947.5,999.0,1.0,0.0,0.0,0.0,overlay/tile_005760_012672.png
tile_005760_013248,0,"(259, 545)",119.5,0.76,5.7,0.02,0.225,0.322,overlay/tile_005760_013248.png
tile_005760_013248,1,"(46, 153)",14.0,10.5,2.3,0.0,0.0,0.264,overlay/tile_005760_013248.png
tile_005760_013248,2,"(277, 178)",111.9,0.57,5.7,0.031,0.305,0.271,overlay/tile_005760_013248.png
tile_005760_013824,0,"(466, 270)",517.8,0.72,6.0,0.014,0.368,0.514,overlay/tile_005760_013824.png
tile_005760_014400,0,"(402, 316)",413.1,1.38,5.1,0.0,0.084,0.0,overlay/tile_005760_014400.png
tile_005760_014976,0,"(561, 116)",27.3,21.42,1.3,0.0,0.0,0.085,overlay/tile_005760_014976.png
tile_005760_014976,1,"(302, 279)",429.4,1.14,5.4,0.003,0.189,0.11,overlay/tile_005760_014976.png
tile_005760_015552,0,"(249, 343)",260.1,999.0,1.0,0.0,0.0,0.0,overlay/tile_005760_015552.png
tile_005760_016128,0,"(323, 522)",132.7,0.44,5.4,0.04,0.158,0.057,overlay/tile_005760_016128.png
tile_005760_016128,1,"(57, 516)",96.8,3.0,3.9,0.0,0.107,0.067,overlay/tile_005760_016128.png
tile_005760_016128,2,"(321, 160)",133.6,0.54,5.3,0.02,0.101,0.093,overlay/tile_005760_016128.png
tile_005760_016704,0,"(291, 201)",123.7,1.1,5.4,0.004,0.186,0.177,overlay/tile_005760_016704.png
tile_005760_016704,1,"(529, 115)",104.2,0.24,5.5,0.063,0.147,0.185,overlay/tile_005760_016704.png
tile_006336_003456,0,"(509, 580)",118.5,999.0,1.0,0.0,0.0,0.0,overlay/tile_006336_003456.png
tile_006336_003456,1,"(312, 258)",371.1,999.0,1.0,0.0,0.0,0.0,overlay/tile_006336_003456.png
tile_006336_004032,0,"(45, 581)",39.9,999.0,1.0,0.0,0.0,0.0,overlay/tile_006336_004032.png
tile_006336_004032,1,"(484, 264)",313.3,999.0,1.0,0.0,0.0,0.0,overlay/tile_006336_004032.png
tile_006336_004608,0,"(79, 500)",125.8,17.25,1.5,0.0,0.0,0.01,overlay/tile_006336_004608.png
tile_006336_005184,0,"(295, 526)",229.1,2.9,3.7,0.0,0.005,0.012,overlay/tile_006336_005184.png
tile_006336_005184,1,"(341, 289)",155.9,4.03,3.4,0.0,0.012,0.003,overlay/tile_006336_005184.png
tile_006336_005184,2,"(90, 92)",40.0,13.94,1.7,0.0,0.0,0.011,overlay/tile_006336_005184.png
tile_006336_005184,3,"(296, 63)",106.4,12.23,1.8,0.0,0.0,0.012,overlay/tile_006336_005184.png
tile_006336_005760,0,"(522, 562)",131.4,999.0,1.0,0.0,0.0,0.0,overlay/tile_006336_005760.png
tile_006336_005760,1,"(483, 308)",192.3,999.0,1.0,0.0,0.0,0.0,overlay/tile_006336_005760.png
tile_006336_005760,2,"(432, 66)",121.0,999.0,1.0,0.0,0.0,0.0,overlay/tile_006336_005760.png
tile_006336_006336,0,"(35, 543)",45.7,4.41,3.4,0.0,0.028,0.01,overlay/tile_006336_006336.png
tile_006336_006336,1,"(544, 547)",130.7,16.13,1.6,0.0,0.0,0.016,overlay/tile_006336_006336.png
tile_006336_006336,2,"(527, 253)",151.0,3.24,3.6,0.0,0.016,0.01,overlay/tile_006336_006336.png
tile_006336_006336,3,"(452, 53)",111.7,3.13,3.7,0.0,0.023,0.009,overlay/tile_006336_006336.png
tile_006336_006912,0,"(596, 566)",46.8,999.0,1.0,0.0,0.0,0.0,overlay/tile_006336_006912.png
tile_006336_006912,1,"(27, 231)",34.6,999.0,1.0,0.0,0.0,0.0,overlay/tile_006336_006912.png
tile_006336_006912,2,"(564, 163)",161.5,999.0,1.0,0.0,0.0,0.0,overlay/tile_006336_006912.png
tile_006336_007488,0,"(572, 572)",65.2,16.78,1.5,0.0,0.0,0.015,overlay/tile_006336_007488.png
tile_006336_007488,1,"(131, 554)",157.2,11.71,1.9,0.0,0.0,0.024,overlay/tile_006336_007488.png
tile_006336_007488,2,"(619, 85)",15.5,0.42,5.5,0.156,0.054,0.012,overlay/tile_006336_007488.png
tile_006336_007488,3,"(444, 76)",76.9,1.98,4.0,0.0,0.066,0.0,overlay/tile_006336_007488.png
tile_006336_007488,4,"(95, 175)",201.3,4.65,3.3,0.0,0.028,0.015,overlay/tile_006336_007488.png
tile_006336_008064,0,"(97, 573)",96.1,4.3,3.4,0.0,0.02,0.064,overlay/tile_006336_008064.png
tile_006336_008064,1,"(607, 34)",15.9,18.58,1.4,0.0,0.0,0.063,overlay/tile_006336_008064.png
tile_006336_008064,2,"(390, 45)",81.9,1.33,5.2,0.002,0.126,0.024,overlay/tile_006336_008064.png
tile_006336_008064,3,"(107, 67)",74.3,0.18,6.0,0.295,0.174,0.007,overlay/tile_006336_008064.png
tile_006336_008640,0,"(585, 580)",44.5,10.57,2.0,0.0,0.0,0.05,overlay/tile_006336_008640.png
tile_006336_008640,1,"(144, 523)",169.0,0.73,5.3,0.033,0.131,0.07,overlay/tile_006336_008640.png
tile_006336_008640,2,"(69, 30)",32.1,2.58,4.1,0.0,0.181,0.088,overlay/tile_006336_008640.png
tile_006336_009216,0,"(45, 582)",37.8,16.35,1.8,0.0,0.0,0.281,overlay/tile_006336_009216.png
tile_006336_009216,1,"(272, 555)",95.7,0.0,6.0,0.147,0.337,0.197,overlay/tile_006336_009216.png
tile_006336_009216,2,"(488, 130)",134.4,1.08,5.7,0.011,0.32,0.229,overlay/tile_006336_009216.png
tile_006336_010368,0,"(207, 213)",15.4,0.25,6.1,0.043,0.408,0.423,overlay/tile_006336_010368.png
tile_006336_010368,1,"(400, 205)",23.3,1.86,4.7,0.0,0.267,0.503,overlay/tile_006336_010368.png
tile_006336_010368,2,"(486, 47)",47.1,5.18,3.8,0.0,0.088,0.453,overlay/tile_006336_010368.png
tile_006336_010368,3,"(285, 65)",85.6,3.25,4.4,0.0,0.167,0.552,overlay/tile_006336_010368.png
tile_006336_010944,0,"(448, 565)",78.2,0.0,6.8,0.146,0.742,0.456,overlay/tile_006336_010944.png
tile_006336_010944,1,"(429, 64)",69.7,1.08,6.3,0.017,0.463,0.52,overlay/tile_006336_010944.png
tile_006336_010944,2,"(136, 37)",48.9,1.99,4.8,0.0,0.24,0.605,overlay/tile_006336_010944.png
tile_006336_012096,0,"(429, 151)",425.5,9.19,2.2,0.0,0.001,0.05,overlay/tile_006336_012096.png
tile_006336_013824,0,"(468, 583)",24.6,10.58,2.5,0.0,0.0,0.532,overlay/tile_006336_013824.png
tile_006336_014400,0,"(170, 400)",462.1,3.61,3.7,0.0,0.003,0.308,overlay/tile_006336_014400.png
tile_006336_014400,1,"(355, 145)",33.0,2.6,3.9,0.0,0.029,0.109,overlay/tile_006336_014400.png
tile_006336_015552,0,"(304, 479)",180.5,0.96,5.5,0.014,0.239,0.083,overlay/tile_006336_015552.png
tile_006336_015552,1,"(30, 88)",15.5,8.58,2.5,0.0,0.016,0.126,overlay/tile_006336_015552.png
tile_006336_015552,2,"(281, 149)",149.4,0.48,5.4,0.031,0.152,0.148,overlay/tile_006336_015552.png
tile_006336_016128,0,"(490, 408)",468.3,0.12,5.8,0.078,0.379,0.042,overlay/tile_006336_016128.png
tile_006336_016128,1,"(318, 30)",30.6,0.0,6.1,0.292,0.15,0.134,overlay/tile_006336_016128.png
tile_006336_016128,2,"(55, 82)",69.7,3.12,3.9,0.0,0.06,0.188,overlay/tile_006336_016128.png
tile_006336_016704,0,"(131, 340)",268.4,0.9,5.3,0.011,0.168,0.03,overlay/tile_006336_016704.png
tile_006912_003456,0,"(519, 160)",283.5,17.19,1.5,0.0,0.0,0.017,overlay/tile_006912_003456.png
tile_006912_004032,0,"(190, 532)",165.4,999.0,1.0,0.0,0.0,0.0,overlay/tile_006912_004032.png
tile_006912_004032,1,"(94, 276)",147.6,999.0,1.0,0.0,0.0,0.0,overlay/tile_006912_004032.png
tile_006912_004032,2,"(45, 47)",34.4,999.0,1.0,0.0,0.0,0.0,overlay/tile_006912_004032.png
tile_006912_004608,0,"(326, 512)",106.8,12.99,1.8,0.0,0.0,0.082,overlay/tile_006912_004608.png
tile_006912_004608,1,"(226, 224)",187.7,4.99,3.3,0.0,0.071,0.035,overlay/tile_006912_004608.png
tile_006912_004608,2,"(84, 18)",16.8,17.07,1.5,0.0,0.0,0.054,overlay/tile_006912_004608.png
tile_006912_005184,0,"(401, 481)",146.9,999.0,1.0,0.0,0.0,0.0,overlay/tile_006912_005184.png
tile_006912_005184,1,"(334, 160)",256.9,999.0,1.0,0.0,0.0,0.0,overlay/tile_006912_005184.png
tile_006912_005760,0,"(551, 553)",94.1,17.82,1.4,0.0,0.0,0.002,overlay/tile_006912_005760.png
tile_006912_005760,1,"(513, 346)",138.5,1.99,3.9,0.0,0.005,0.0,overlay/tile_006912_005760.png
tile_006912_005760,2,"(502, 60)",68.4,2.0,3.9,0.0,0.008,0.0,overlay/tile_006912_005760.png
tile_006912_006336,0,"(32, 559)",38.1,999.0,1.0,0.0,0.0,0.0,overlay/tile_006912_006336.png
tile_006912_006336,1,"(582, 523)",89.2,999.0,1.0,0.0,0.0,0.0,overlay/tile_006912_006336.png
tile_006912_006336,2,"(552, 288)",124.1,999.0,1.0,0.0,0.0,0.0,overlay/tile_006912_006336.png
tile_006912_006336,3,"(530, 36)",55.5,999.0,1.0,0.0,0.0,0.0,overlay/tile_006912_006336.png
tile_006912_006336,4,"(30, 55)",24.2,999.0,1.0,0.0,0.0,0.0,overlay/tile_006912_006336.png
tile_006912_006912,0,"(610, 305)",31.5,2.41,3.8,0.0,0.041,0.0,overlay/tile_006912_006912.png
tile_006912_006912,1,"(78, 375)",257.3,16.72,1.5,0.0,0.0,0.017,overlay/tile_006912_006912.png
tile_006912_006912,2,"(595, 55)",34.4,3.45,3.6,0.0,0.064,0.0,overlay/tile_006912_006912.png
tile_006912_007488,0,"(216, 536)",173.7,7.08,2.7,0.0,0.04,0.003,overlay/tile_006912_007488.png
tile_006912_007488,1,"(584, 255)",85.6,8.8,2.3,0.0,0.003,0.019,overlay/tile_006912_007488.png
tile_006912_007488,2,"(584, 48)",41.3,23.9,1.0,0.0,0.0,0.018,overlay/tile_006912_007488.png
tile_006912_007488,3,"(145, 197)",335.2,14.78,1.7,0.0,0.0,0.031,overlay/tile_006912_007488.png
tile_006912_008064,0,"(132, 527)",118.5,0.87,5.1,0.014,0.031,0.034,overlay/tile_006912_008064.png
tile_006912_008064,1,"(98, 247)",165.3,1.44,5.1,0.001,0.013,0.045,overlay/tile_006912_008064.png
tile_006912_008064,2,"(77, 50)",58.7,17.12,1.5,0.0,0.0,0.042,overlay/tile_006912_008064.png
tile_006912_008640,0,"(555, 618)",17.7,1.88,4.8,0.0,0.552,0.134,overlay/tile_006912_008640.png
tile_006912_008640,1,"(163, 465)",98.3,5.41,3.4,0.0,0.139,0.184,overlay/tile_006912_008640.png
tile_006912_008640,2,"(452, 73)",18.7,4.38,3.6,0.0,0.064,0.203,overlay/tile_006912_008640.png
tile_006912_008640,3,"(587, 69)",50.0,5.73,3.3,0.0,0.049,0.223,overlay/tile_006912_008640.png
tile_006912_008640,4,"(146, 160)",184.9,5.65,3.3,0.0,0.067,0.245,overlay/tile_006912_008640.png
tile_006912_009216,0,"(576, 600)",35.1,6.26,3.6,0.0,0.114,0.713,overlay/tile_006912_009216.png
tile_006912_009216,1,"(216, 532)",25.1,0.0,7.2,0.286,0.584,0.453,overlay/tile_006912_009216.png
tile_006912_009216,2,"(310, 42)",52.0,0.17,6.6,0.146,0.52,0.595,overlay/tile_006912_009216.png
tile_006912_009216,3,"(48, 69)",48.1,5.78,3.9,0.0,0.242,0.694,overlay/tile_006912_009216.png
tile_006912_009792,0,"(42, 601)",23.6,1.5,4.5,0.0,0.062,0.393,overlay/tile_006912_009792.png
tile_006912_009792,1,"(320, 520)",218.9,1.75,4.8,0.0,0.319,0.57,overlay/tile_006912_009792.png
tile_006912_009792,2,"(609, 207)",29.3,1.85,4.9,0.0,0.422,0.398,overlay/tile_006912_009792.png
tile_006912_010368,0,"(560, 574)",69.8,18.57,1.5,0.0,0.0,0.152,overlay/tile_006912_010368.png
tile_006912_010368,1,"(548, 329)",131.8,1.92,4.4,0.0,0.266,0.076,overlay/tile_006912_010368.png
tile_006912_010368,2,"(156, 196)",174.0,0.97,5.4,0.008,0.207,0.117,overlay/tile_006912_010368.png
tile_006912_010944,0,"(32, 579)",29.5,3.07,4.6,0.0,0.467,0.335,overlay/tile_006912_010944.png
tile_006912_010944,1,"(38, 324)",51.8,1.26,6.1,0.007,0.633,0.193,overlay/tile_006912_010944.png
tile_006912_010944,2,"(506, 412)",320.3,0.99,5.7,0.008,0.198,0.513,overlay/tile_006912_010944.png
tile_006912_010944,3,"(294, 199)",24.2,0.0,6.2,0.181,0.396,0.204,overlay/tile_006912_010944.png
tile_006912_010944,4,"(462, 77)",82.3,6.16,3.3,0.0,0.115,0.362,overlay/tile_006912_010944.png
tile_006912_011520,0,"(24, 496)",24.7,0.4,6.0,0.171,0.262,0.127,overlay/tile_006912_011520.png
tile_006912_013248,0,"(319, 519)",142.0,5.38,3.8,0.0,0.049,0.546,overlay/tile_006912_013248.png
tile_006912_013824,0,"(249, 607)",17.1,15.42,1.9,0.0,0.0,0.232,overlay/tile_006912_013824.png
tile_006912_014400,0,"(408, 111)",65.6,8.52,2.4,0.0,0.007,0.004,overlay/tile_006912_014400.png
tile_006912_014400,1,"(163, 84)",89.0,22.39,1.1,0.0,0.0,0.007,overlay/tile_006912_014400.png
tile_006912_015552,0,"(300, 30)",31.0,8.02,2.7,0.0,0.018,0.198,overlay/tile_006912_015552.png
tile_006912_016128,0,"(98, 493)",108.6,4.88,3.4,0.0,0.11,0.081,overlay/tile_006912_016128.png
tile_006912_016128,1,"(509, 316)",591.3,0.08,5.7,0.075,0.308,0.0,overlay/tile_006912_016128.png
tile_006912_016704,0,"(577, 315)",20.8,10.14,2.0,0.0,0.0,0.003,overlay/tile_006912_016704.png
tile_006912_016704,1,"(230, 392)",783.6,9.72,2.1,0.0,0.0,0.019,overlay/tile_006912_016704.png
tile_007488_004608,0,"(510, 135)",132.4,22.59,1.1,0.0,0.0,0.013,overlay/tile_007488_004608.png
tile_007488_005184,0,"(477, 396)",189.6,999.0,1.0,0.0,0.0,0.0,overlay/tile_007488_005184.png
tile_007488_005184,1,"(470, 168)",162.5,999.0,1.0,0.0,0.0,0.0,overlay/tile_007488_005184.png
tile_007488_005760,0,"(581, 501)",79.8,999.0,1.0,0.0,0.0,0.0,overlay/tile_007488_005760.png
tile_007488_005760,1,"(563, 245)",107.6,999.0,1.0,0.0,0.0,0.0,overlay/tile_007488_005760.png
tile_007488_005760,2,"(581, 52)",46.0,999.0,1.0,0.0,0.0,0.0,overlay/tile_007488_005760.png
tile_007488_006336,0,"(112, 506)",170.3,999.0,1.0,0.0,0.0,0.0,overlay/tile_007488_006336.png
tile_007488_006336,1,"(585, 492)",81.1,999.0,1.0,0.0,0.0,0.0,overlay/tile_007488_006336.png
tile_007488_006336,2,"(77, 243)",116.6,999.0,1.0,0.0,0.0,0.0,overlay/tile_007488_006336.png
tile_007488_006336,3,"(581, 163)",128.8,999.0,1.0,0.0,0.0,0.0,overlay/tile_007488_006336.png
tile_007488_006336,4,"(35, 58)",30.4,999.0,1.0,0.0,0.0,0.0,overlay/tile_007488_006336.png
tile_007488_006912,0,"(120, 436)",84.0,999.0,1.0,0.0,0.0,0.0,overlay/tile_007488_006912.png
tile_007488_006912,1,"(103, 204)",143.6,999.0,1.0,0.0,0.0,0.0,overlay/tile_007488_006912.png
tile_007488_006912,2,"(59, 23)",21.1,999.0,1.0,0.0,0.0,0.0,overlay/tile_007488_006912.png
tile_007488_007488,0,"(373, 478)",261.2,3.23,3.6,0.0,0.011,0.025,overlay/tile_007488_007488.png
tile_007488_007488,1,"(545, 77)",17.0,0.3,5.4,0.156,0.033,0.007,overlay/tile_007488_007488.png
tile_007488_007488,2,"(203, 163)",312.8,6.36,2.9,0.0,0.019,0.018,overlay/tile_007488_007488.png
tile_007488_008064,0,"(205, 469)",87.0,0.0,5.4,0.112,0.055,0.03,overlay/tile_007488_008064.png
tile_007488_008064,1,"(164, 198)",114.5,0.13,5.2,0.063,0.03,0.052,overlay/tile_007488_008064.png
tile_007488_008064,2,"(118, 26)",33.5,0.7,5.2,0.06,0.019,0.026,overlay/tile_007488_008064.png
tile_007488_008640,0,"(259, 160)",235.4,1.25,5.4,0.001,0.205,0.109,overlay/tile_007488_008640.png
tile_007488_008640,1,"(536, 148)",160.4,0.54,5.3,0.022,0.069,0.17,overlay/tile_007488_008640.png
tile_007488_009216,0,"(561, 574)",58.9,1.16,5.3,0.008,0.105,0.083,overlay/tile_007488_009216.png
tile_007488_009216,1,"(276, 129)",122.2,0.72,5.3,0.043,0.052,0.119,overlay/tile_007488_009216.png
tile_007488_009216,2,"(47, 154)",68.4,0.38,5.4,0.066,0.087,0.094,overlay/tile_007488_009216.png
tile_007488_009216,3,"(560, 96)",96.5,2.46,4.0,0.0,0.079,0.055,overlay/tile_007488_009216.png
tile_007488_009792,0,"(44, 609)",17.0,999.0,1.0,0.0,0.0,0.0,overlay/tile_007488_009792.png
tile_007488_009792,1,"(426, 565)",232.7,999.0,1.0,0.0,0.0,0.0,overlay/tile_007488_009792.png
tile_007488_009792,2,"(329, 57)",104.1,999.0,1.0,0.0,0.0,0.0,overlay/tile_007488_009792.png
tile_007488_009792,3,"(46, 86)",56.4,999.0,1.0,0.0,0.0,0.0,overlay/tile_007488_009792.png
tile_007488_010368,0,"(45, 585)",18.2,16.78,1.5,0.0,0.0,0.029,overlay/tile_007488_010368.png
tile_007488_010368,1,"(519, 428)",121.6,1.4,5.1,0.0,0.079,0.0,overlay/tile_007488_010368.png
tile_007488_010368,2,"(564, 67)",71.5,3.78,3.6,0.0,0.047,0.024,overlay/tile_007488_010368.png
tile_007488_010944,0,"(337, 468)",257.8,0.42,5.2,0.039,0.053,0.039,overlay/tile_007488_010944.png
tile_007488_010944,1,"(605, 380)",56.2,0.18,5.4,0.109,0.067,0.034,overlay/tile_007488_010944.png
tile_007488_010944,2,"(369, 201)",19.0,5.8,3.1,0.0,0.023,0.046,overlay/tile_007488_010944.png
tile_007488_010944,3,"(577, 182)",27.6,14.73,1.7,0.0,0.0,0.058,overlay/tile_007488_010944.png
tile_007488_010944,4,"(319, 58)",15.9,0.25,5.4,0.12,0.055,0.012,overlay/tile_007488_010944.png
tile_007488_010944,5,"(36, 66)",34.6,6.96,2.8,0.0,0.046,0.013,overlay/tile_007488_010944.png
tile_007488_011520,0,"(65, 402)",71.8,0.0,5.6,0.146,0.11,0.093,overlay/tile_007488_011520.png
tile_007488_011520,1,"(26, 175)",15.1,11.12,2.0,0.0,0.0,0.092,overlay/tile_007488_011520.png
tile_007488_012096,0,"(307, 337)",118.9,1.8,4.1,0.0,0.062,0.071,overlay/tile_007488_012096.png
tile_007488_013824,0,"(470, 189)",30.4,999.0,1.0,0.0,0.0,0.0,overlay/tile_007488_013824.png
tile_007488_013824,1,"(455, 447)",525.9,999.0,1.0,0.0,0.0,0.0,overlay/tile_007488_013824.png
tile_007488_013824,2,"(254, 37)",29.8,999.0,1.0,0.0,0.0,0.0,overlay/tile_007488_013824.png
tile_007488_014400,0,"(318, 411)",1002.7,999.0,1.0,0.0,0.0,0.0,overlay/tile_007488_014400.png
tile_007488_014976,0,"(182, 321)",594.2,2.22,4.0,0.0,0.024,0.164,overlay/tile_007488_014976.png
tile_007488_015552,0,"(404, 614)",25.1,3.24,3.7,0.0,0.07,0.04,overlay/tile_007488_015552.png
tile_007488_015552,1,"(319, 430)",142.6,0.8,5.1,0.011,0.033,0.078,overlay/tile_007488_015552.png
tile_007488_015552,2,"(161, 193)",15.2,1.88,4.1,0.0,0.067,0.021,overlay/tile_007488_015552.png
tile_007488_015552,3,"(499, 186)",16.5,18.18,1.4,0.0,0.0,0.065,overlay/tile_007488_015552.png
tile_007488_015552,4,"(322, 96)",99.7,9.07,2.3,0.0,0.006,0.071,overlay/tile_007488_015552.png
tile_007488_016128,0,"(510, 294)",551.8,0.49,5.8,0.148,0.25,0.026,overlay/tile_007488_016128.png
tile_007488_016704,0,"(295, 276)",1235.4,5.25,3.3,0.0,0.108,0.0,overlay/tile_007488_016704.png
tile_008064_004032,0,"(613, 237)",26.2,1.5,4.6,0.0,0.14,0.379,overlay/tile_008064_004032.png
tile_008064_004608,0,"(495, 319)",202.0,5.28,3.3,0.0,0.07,0.166,overlay/tile_008064_004608.png
tile_008064_004608,1,"(181, 217)",238.3,0.68,5.3,0.016,0.051,0.189,overlay/tile_008064_004608.png
tile_008064_005184,0,"(486, 478)",162.1,999.0,1.0,0.0,0.0,0.0,overlay/tile_008064_005184.png
tile_008064_005184,1,"(141, 360)",270.0,999.0,1.0,0.0,0.0,0.0,overlay/tile_008064_005184.png
tile_008064_005760,0,"(166, 474)",163.5,999.0,1.0,0.0,0.0,0.0,overlay/tile_008064_005760.png
tile_008064_006336,0,"(475, 541)",36.5,1.43,5.2,0.001,0.155,0.0,overlay/tile_008064_006336.png
tile_008064_007488,0,"(375, 155)",160.9,1.98,5.2,0.0,0.339,0.791,overlay/tile_008064_007488.png
tile_008064_008064,0,"(385, 588)",20.7,15.49,1.6,0.0,0.0,0.029,overlay/tile_008064_008064.png
tile_008064_008064,1,"(518, 360)",159.7,19.03,1.4,0.0,0.0,0.056,overlay/tile_008064_008064.png
tile_008064_008064,2,"(201, 174)",198.9,1.18,5.1,0.003,0.031,0.037,overlay/tile_008064_008064.png
tile_008064_008640,0,"(71, 570)",27.8,6.66,2.9,0.0,0.026,0.043,overlay/tile_008064_008640.png
tile_008064_008640,1,"(233, 394)",17.6,0.0,5.6,0.106,0.003,0.09,overlay/tile_008064_008640.png
tile_008064_008640,2,"(395, 341)",40.4,5.34,3.2,0.0,0.036,0.089,overlay/tile_008064_008640.png
tile_008064_008640,3,"(67, 346)",87.9,1.5,4.2,0.0,0.013,0.077,overlay/tile_008064_008640.png
tile_008064_008640,4,"(292, 165)",117.8,1.41,5.2,0.0,0.058,0.091,overlay/tile_008064_008640.png
tile_008064_008640,5,"(543, 209)",83.9,0.73,5.4,0.053,0.126,0.05,overlay/tile_008064_008640.png
tile_008064_009216,0,"(204, 529)",15.7,2.4,3.9,0.0,0.021,0.151,overlay/tile_008064_009216.png
tile_008064_009216,1,"(392, 317)",17.5,2.5,3.9,0.0,0.023,0.151,overlay/tile_008064_009216.png
tile_008064_009216,2,"(486, 293)",20.0,1.11,5.2,0.008,0.025,0.146,overlay/tile_008064_009216.png
tile_008064_009216,3,"(303, 191)",106.5,1.88,4.2,0.0,0.101,0.143,overlay/tile_008064_009216.png
tile_008064_009216,4,"(529, 90)",122.7,1.14,5.2,0.006,0.058,0.144,overlay/tile_008064_009216.png
tile_008064_009792,0,"(586, 573)",48.1,0.36,6.1,0.235,0.275,0.095,overlay/tile_008064_009792.png
tile_008064_009792,1,"(514, 48)",81.1,19.72,1.4,0.0,0.0,0.144,overlay/tile_008064_009792.png
tile_008064_009792,2,"(225, 109)",175.4,3.16,3.8,0.0,0.054,0.164,overlay/tile_008064_009792.png
tile_008064_009792,3,"(46, 82)",51.4,7.4,2.7,0.0,0.006,0.099,overlay/tile_008064_009792.png
tile_008064_010368,0,"(74, 574)",69.6,1.74,4.3,0.0,0.198,0.074,overlay/tile_008064_010368.png
tile_008064_010944,0,"(402, 590)",81.6,6.45,3.0,0.0,0.037,0.055,overlay/tile_008064_010944.png
tile_008064_010944,1,"(615, 574)",22.6,1.78,4.1,0.0,0.098,0.05,overlay/tile_008064_010944.png
tile_008064_011520,0,"(86, 573)",70.3,1.71,4.5,0.0,0.153,0.237,overlay/tile_008064_011520.png
tile_008064_012096,0,"(220, 514)",149.5,0.67,5.8,0.042,0.429,0.099,overlay/tile_008064_012096.png
tile_008064_012096,1,"(171, 218)",139.3,1.98,4.4,0.0,0.239,0.204,overlay/tile_008064_012096.png
tile_008064_013824,0,"(430, 278)",602.2,999.0,1.0,0.0,0.0,0.0,overlay/tile_008064_013824.png
tile_008064_014976,0,"(143, 601)",42.7,12.02,2.1,0.0,0.0,0.301,overlay/tile_008064_014976.png
tile_008064_014976,1,"(170, 269)",561.9,0.98,5.9,0.005,0.285,0.578,overlay/tile_008064_014976.png
tile_008064_015552,0,"(463, 352)",142.1,0.42,5.3,0.035,0.03,0.172,overlay/tile_008064_015552.png
tile_008064_015552,1,"(191, 289)",24.9,0.24,5.4,0.069,0.124,0.081,overlay/tile_008064_015552.png
tile_008064_015552,2,"(384, 100)",87.4,3.5,3.9,0.0,0.046,0.128,overlay/tile_008064_015552.png
tile_008064_016128,0,"(592, 140)",92.1,2.42,4.3,0.0,0.273,0.037,overlay/tile_008064_016128.png
tile_008064_016704,0,"(45, 218)",34.9,6.55,2.9,0.0,0.051,0.077,overlay/tile_008064_016704.png
tile_008064_016704,1,"(238, 88)",29.1,6.8,2.9,0.0,0.043,0.073,overlay/tile_008064_016704.png
tile_008640_008064,0,"(94, 619)",29.7,1.69,4.4,0.0,0.232,0.13,overlay/tile_008640_008064.png
tile_008640_008064,1,"(536, 258)",82.9,19.94,1.4,0.0,0.0,0.21,overlay/tile_008640_008064.png
tile_008640_008064,2,"(228, 247)",168.0,0.66,5.4,0.023,0.234,0.042,overlay/tile_008640_008064.png
tile_008640_008640,0,"(411, 569)",231.2,19.0,1.4,0.0,0.0,0.068,overlay/tile_008640_008640.png
tile_008640_008640,1,"(436, 260)",92.5,2.45,3.9,0.0,0.089,0.004,overlay/tile_008640_008640.png
tile_008640_008640,2,"(194, 254)",146.0,1.85,4.0,0.0,0.018,0.063,overlay/tile_008640_008640.png
tile_008640_008640,3,"(614, 202)",33.7,0.32,5.5,0.094,0.152,0.009,overlay/tile_008640_008640.png
tile_008640_009792,0,"(144, 548)",183.5,2.76,3.9,0.0,0.082,0.113,overlay/tile_008640_009792.png
tile_008640_009792,1,"(84, 162)",112.6,1.69,4.3,0.0,0.097,0.077,overlay/tile_008640_009792.png
tile_008640_009792,2,"(359, 106)",112.9,0.12,5.6,0.119,0.138,0.067,overlay/tile_008640_009792.png
tile_008640_009792,3,"(599, 96)",48.0,1.33,5.2,0.002,0.101,0.12,overlay/tile_008640_009792.png
tile_008640_010368,0,"(584, 143)",65.6,1.62,4.3,0.0,0.05,0.107,overlay/tile_008640_010368.png
tile_008640_010368,1,"(74, 90)",97.5,6.38,3.1,0.0,0.018,0.17,overlay/tile_008640_010368.png
tile_008640_010944,0,"(151, 593)",67.0,2.13,4.3,0.0,0.214,0.228,overlay/tile_008640_010944.png
tile_008640_010944,1,"(428, 561)",142.9,0.08,6.3,0.225,0.459,0.104,overlay/tile_008640_010944.png
tile_008640_010944,2,"(98, 127)",121.2,4.62,3.7,0.0,0.11,0.236,overlay/tile_008640_010944.png
tile_008640_010944,3,"(613, 64)",22.9,4.8,3.6,0.0,0.138,0.286,overlay/tile_008640_010944.png
tile_008640_010944,4,"(397, 54)",87.8,7.94,2.8,0.0,0.053,0.272,overlay/tile_008640_010944.png
tile_008640_011520,0,"(212, 532)",135.3,0.38,5.8,0.05,0.369,0.14,overlay/tile_008640_011520.png
tile_008640_011520,1,"(378, 41)",16.9,3.0,4.1,0.0,0.143,0.215,overlay/tile_008640_011520.png
tile_008640_011520,2,"(82, 64)",70.4,3.2,4.3,0.0,0.347,0.197,overlay/tile_008640_011520.png
tile_008640_012096,0,"(208, 425)",226.7,5.63,3.1,0.0,0.004,0.057,overlay/tile_008640_012096.png
tile_008640_012096,1,"(454, 111)",16.3,1.02,5.2,0.037,0.084,0.002,overlay/tile_008640_012096.png
tile_008640_013824,0,"(574, 319)",109.6,999.0,1.0,0.0,0.0,0.0,overlay/tile_008640_013824.png
tile_008640_013824,1,"(607, 126)",18.1,999.0,1.0,0.0,0.0,0.0,overlay/tile_008640_013824.png
tile_008640_014400,0,"(83, 561)",24.8,999.0,1.0,0.0,0.0,0.0,overlay/tile_008640_014400.png
tile_008640_014400,1,"(59, 323)",105.7,999.0,1.0,0.0,0.0,0.0,overlay/tile_008640_014400.png
tile_008640_014400,2,"(43, 126)",24.0,999.0,1.0,0.0,0.0,0.0,overlay/tile_008640_014400.png
tile_008640_014400,3,"(446, 270)",687.0,999.0,1.0,0.0,0.0,0.0,overlay/tile_008640_014400.png
tile_008640_015552,0,"(472, 599)",61.6,2.76,4.4,0.0,0.263,0.307,overlay/tile_008640_015552.png
tile_008640_015552,1,"(487, 383)",132.2,0.78,5.6,0.015,0.233,0.341,overlay/tile_008640_015552.png
tile_008640_015552,2,"(31, 239)",30.5,0.43,6.1,0.098,0.47,0.264,overlay/tile_008640_015552.png
tile_008640_016128,0,"(577, 571)",59.1,0.98,5.7,0.031,0.328,0.073,overlay/tile_008640_016128.png
tile_008640_016128,1,"(561, 299)",77.1,0.0,5.9,0.218,0.149,0.112,overlay/tile_008640_016128.png
tile_008640_016704,0,"(365, 582)",51.9,4.38,3.5,0.0,0.107,0.048,overlay/tile_008640_016704.png
tile_008640_016704,1,"(40, 571)",39.3,4.38,3.5,0.0,0.05,0.083,overlay/tile_008640_016704.png
tile_008640_016704,2,"(39, 289)",39.1,9.52,2.2,0.0,0.001,0.088,overlay/tile_008640_016704.png
tile_008640_016704,3,"(537, 323)",189.6,1.45,5.2,0.0,0.115,0.036,overlay/tile_008640_016704.png
tile_009216_010368,0,"(109, 253)",110.5,4.54,3.6,0.0,0.088,0.134,overlay/tile_009216_010368.png
tile_009216_010944,0,"(347, 553)",123.9,0.36,5.1,0.028,0.016,0.043,overlay/tile_009216_010944.png
tile_009216_010944,1,"(225, 417)",15.2,4.43,3.4,0.0,0.013,0.037,overlay/tile_009216_010944.png
tile_009216_010944,2,"(404, 32)",55.0,2.75,3.9,0.0,0.108,0.006,overlay/tile_009216_010944.png
tile_009216_010944,3,"(141, 67)",101.6,18.26,1.4,0.0,0.0,0.045,overlay/tile_009216_010944.png
tile_009216_011520,0,"(507, 603)",67.9,1.12,5.6,0.014,0.304,0.079,overlay/tile_009216_011520.png
tile_009216_012096,0,"(333, 557)",312.2,0.75,5.1,0.023,0.019,0.0,overlay/tile_009216_012096.png
tile_009216_012096,1,"(237, 149)",153.2,4.99,3.2,0.0,0.018,0.003,overlay/tile_009216_012096.png
tile_009216_012672,0,"(344, 522)",448.9,999.0,1.0,0.0,0.0,0.0,overlay/tile_009216_012672.png
tile_009216_014400,0,"(217, 434)",246.9,1.2,5.4,0.001,0.198,0.08,overlay/tile_009216_014400.png
tile_009792_007488,0,"(467, 187)",90.4,1.76,4.8,0.0,0.327,0.21,overlay/tile_009792_007488.png
